feature_1,feature_2,label
-1.5275252316519468,1.5275252316519468,yes
-1.091089451179962,1.091089451179962,no
-0.6546536707079772,0.6546536707079772,yes
-0.2182178902359924,0.2182178902359924,no
0.2182178902359924,-0.2182178902359924,yes
0.6546536707079772,-0.6546536707079772,no
1.091089451179962,-1.091089451179962,yes
1.5275252316519468,-1.5275252316519468,no
