v1,v2,v3,v4,v5,v6,v7,v8,transaction_amount,is_fraud
1.0724,-0.092,-0.5718,1.1606,-1.0318,-0.7477,-1.8292,1.3095,262.88,0
0.764,0.9747,0.2999,0.6371,2.185,-0.3015,-1.0457,-1.5341,31.42,0
1.4265,1.773,1.0007,0.2327,1.8256,0.2407,-0.4792,-0.6753,538.83,0
0.6355,-0.2473,0.9225,-1.9669,-0.2425,-0.4755,0.9558,0.6728,206.73,0
-0.0695,-0.1929,1.1756,1.0218,1.4148,0.3726,1.3527,-0.4161,1224.75,0
0.6267,0.4043,0.229,-0.667,-2.5861,1.0744,-0.4888,1.1696,391.55,0
-0.4929,1.1031,0.5092,1.8485,1.7044,0.2996,-0.252,-0.9584,395.98,0
0.587,-0.5073,-0.5931,-0.183,-0.552,1.5251,0.3165,0.0146,418.28,0
0.8838,-0.3878,-0.3003,1.3823,-0.3538,-0.6326,1.8722,-0.0477,110.47,0
-0.4601,-1.1446,-0.5694,-0.0401,0.175,-2.1352,-0.2196,0.0286,357.78,0
0.7779,-0.3902,0.3496,-0.462,0.05,-1.0747,0.2476,0.0442,209.51,0
1.3794,1.2493,1.202,-3.8878,0.4402,0.2121,-0.0349,0.6098,136.24,0
-1.2845,0.7454,1.645,0.546,1.2334,2.5919,0.8374,-1.1006,257.2,0
0.1334,-0.9531,-0.5783,0.4791,1.4173,-0.0381,0.5541,-1.4445,43.11,0
-1.1352,-1.0114,0.1627,-0.2669,2.4965,0.5943,-1.1517,-1.5356,189.55,0
-0.7327,0.4076,-0.2791,-0.0138,-0.1641,1.2535,1.3056,-0.6262,288.46,0
1.1171,1.1485,-0.8724,0.2386,-0.8478,-0.1882,0.3218,-3.4087,238.45,0
0.5605,-0.6328,-0.1729,0.1641,0.2463,0.4937,-0.5792,-1.3433,553.63,0
1.1827,0.0723,-0.9829,-0.0499,-0.7248,0.6579,-0.3591,-0.0985,251.27,0
-1.2916,0.3381,0.8492,0.9909,-1.3522,-1.519,-0.5368,1.3847,269.39,0
-0.0618,1.1909,-0.3652,1.0074,-1.6677,-0.4537,1.0491,1.5702,476.98,0
-1.6499,0.5486,-0.6437,0.7305,-0.0136,-0.5353,-0.3866,-0.8504,274.69,0
0.0114,-0.3603,-0.5667,0.5051,0.7804,-1.1305,-1.2877,0.9545,372.18,0
0.3706,0.3206,-0.9036,-0.3421,0.5372,-0.2114,-0.2873,1.9035,136.6,0
-1.235,0.23,0.9058,0.0093,2.7648,-0.9198,0.4449,1.2912,5.35,0
-0.5448,1.5189,0.4018,1.2611,2.8952,0.0468,1.502,-0.6995,559.96,0
0.1266,-1.5895,-0.526,0.4048,0.0857,-2.3004,-0.567,1.0208,398.44,0
2.9816,-0.4619,1.492,2.8697,0.2728,-1.9548,2.2362,1.7353,203.91,1
1.2397,-1.3805,-0.2229,-0.0163,0.6115,-0.224,-0.0985,-0.4613,525.8,0
1.6756,0.4204,1.9709,1.1753,0.2272,-0.7231,-0.7016,0.533,333.68,0
-0.0078,0.3882,-0.9613,-1.1712,-0.1011,-0.6798,1.4255,0.3751,201.26,0
-0.3047,-0.6641,0.041,-0.1013,-1.1193,-0.4244,0.6097,1.027,53.59,0
0.2678,-2.1887,-0.9709,-0.9167,-0.3187,0.1144,0.1553,0.2857,122.2,0
-0.9672,-0.9379,-1.1214,2.753,-0.1422,0.5299,-1.1406,0.9593,689.18,0
0.5345,1.9281,0.5027,0.3022,0.2404,-1.2855,0.956,-2.4455,44.03,0
2.7536,0.6141,1.1309,-0.3071,-0.9929,-0.3143,0.712,0.4068,306.83,0
0.5509,-0.093,-0.665,-1.3434,0.7337,0.6794,-0.4661,1.2133,560.89,0
-0.9204,-0.2291,1.9396,1.0426,0.308,1.5517,-0.8249,2.4904,337.72,0
1.9581,-0.5312,0.9559,0.2792,0.383,-0.2505,-0.3027,1.528,348.89,0
-0.2871,0.5322,-0.1195,-1.8644,-0.7461,-1.5194,0.2441,0.5033,566.53,0
-0.8302,-1.2475,-0.8096,0.3923,0.3436,-0.8005,-2.2108,0.42,636.96,0
0.6574,0.8962,0.9417,0.4891,0.9679,-1.5766,-0.1076,-1.4149,147.52,0
-0.9732,-1.0607,-0.3973,0.6563,-0.8659,-0.2254,-0.1067,-1.0119,297.3,0
0.4045,-0.4157,0.722,1.095,-0.2629,-1.0276,-1.457,0.9257,372.74,0
0.3321,-0.5293,-0.279,1.0157,-1.0918,-0.9443,0.6016,-0.4391,41.26,0
0.2924,1.2379,1.6242,-1.1221,-0.6032,-1.4957,1.0611,-1.5085,68.47,0
0.7087,-0.8245,1.0954,0.0729,-0.1651,-2.0081,-0.3736,0.3716,216.5,0
0.4571,-0.4024,1.215,4.0258,0.6913,0.0997,-1.2979,-0.6375,295.17,0
-0.1963,-0.2092,0.7103,0.4624,-0.8268,-0.3258,-0.2269,0.749,240.64,0
-1.4233,1.2886,0.1498,-0.5037,-0.4094,-0.0335,0.2084,-0.9202,73.35,0
-0.0388,-0.4838,1.7174,-0.2706,1.1937,0.2629,1.827,-0.849,296.5,0
1.8346,-0.1898,-0.5481,-2.0906,-0.9114,0.5279,0.5239,-0.6512,482.75,0
-0.7075,-0.1145,0.5097,-0.2507,-0.5345,-0.6543,0.339,-0.3581,196.71,0
0.5956,0.74,2.2635,2.0959,0.7923,2.0338,0.3118,1.2456,455.35,1
-0.2212,0.3355,0.057,1.7305,-2.1132,0.3771,-0.7271,-2.356,510.9,0
0.7036,0.9893,0.9362,-0.4067,0.5186,-0.7757,-0.2929,-1.0429,137.05,0
1.5411,-0.522,0.7895,0.6309,1.2369,1.9133,0.3331,-1.7458,95.07,0
-0.6791,-0.7626,1.2411,-0.6419,1.7791,-0.1091,-0.3866,0.0451,130.84,0
-0.2647,-0.6117,-0.0426,0.1301,-0.4191,0.5301,-0.9534,-0.9584,402.96,0
0.2276,0.3759,0.9794,0.555,-0.0061,-2.0869,0.5137,-0.9119,230.98,0
-1.5215,0.7013,-0.567,0.3763,0.8872,0.3279,0.7991,-2.0666,125.44,0
0.5272,-0.3737,0.7779,0.4817,-0.3477,1.023,0.2048,0.1636,123.83,0
-1.1268,0.0498,-0.292,-1.4694,-0.0373,-0.3184,-1.1728,-0.3702,347.93,0
0.7368,-0.0633,1.2553,1.2218,-0.9586,0.824,-0.9927,0.054,151.97,0
-0.215,0.9266,0.4719,0.2886,-0.1388,-0.3461,0.9172,-0.3365,456.39,0
1.3163,0.6773,-0.843,-1.0202,-0.3266,0.0608,-1.7685,0.4947,31.66,0
-0.3275,1.7408,-0.5769,0.4303,1.071,0.779,1.0181,1.418,462.13,0
-0.4586,-0.2346,1.486,-0.8223,-0.7198,-1.1286,-1.482,0.307,367.91,0
1.2246,-1.8233,0.8433,-0.8886,1.0489,3.2082,-2.2732,0.6954,383.76,0
-0.8333,-0.9326,-1.8259,-0.6292,-0.9894,0.118,-0.7877,-0.4796,219.87,0
-1.6099,0.597,0.5267,2.0144,1.0455,0.3641,1.3591,0.5389,10.8,0
2.2715,-0.2691,0.257,1.9051,-1.5139,-1.6378,-0.7955,0.8134,74.65,0
-0.0973,0.935,-2.7232,0.19,1.2025,1.87,0.732,1.6849,312.12,0
-0.4904,-1.3353,0.4932,-0.206,-1.2075,0.5005,1.4311,-1.6297,517.68,0
0.685,2.1382,-1.6296,-0.8425,-0.2369,-0.4171,-0.3328,-1.3042,493.13,0
0.0815,-0.0324,1.1042,-0.5901,-0.1403,-1.0893,1.4189,0.3925,30.04,0
-0.8286,0.6108,1.2596,-0.6433,-0.7458,-0.2872,0.3247,-1.4105,94.11,0
0.3894,-2.1217,-0.1351,0.8806,-0.5262,0.1867,2.1093,0.3316,96.7,0
-1.0837,0.7624,-0.3414,0.3073,-0.1123,-0.1426,-0.3042,0.1795,108.05,0
-0.1817,1.0702,2.2285,0.1797,-0.0066,0.2559,-0.6579,0.765,274.09,0
1.275,-1.1673,-0.4596,0.8664,-1.2319,1.7753,-0.2168,0.8745,165.52,0
0.8446,-0.2612,-0.3669,-0.2791,-1.08,0.6323,0.2813,0.4352,298.31,0
-0.3516,0.1732,-0.093,-0.2515,-0.8407,-0.3106,0.3372,1.4186,493.34,0
0.9911,-0.8428,0.9985,-0.0441,-0.3246,-0.7085,-0.5599,1.7423,270.24,0
-0.6419,-0.24,-0.0447,1.6438,0.5845,0.385,1.2967,-0.6332,388.76,0
2.0503,-1.1103,0.7204,-2.8779,0.6686,-1.8702,-0.525,-1.313,332.94,0
-0.5409,0.3448,0.5932,0.7685,-0.0897,0.5286,0.7456,0.2006,209.62,0
-1.336,0.1662,-0.0342,-0.4981,1.9053,0.1059,0.5424,0.9879,84.64,0
-0.4643,0.8485,-0.3373,1.2398,-0.0394,0.1317,-0.2747,-0.5225,334.68,0
0.3395,-0.7345,-0.3253,-0.4742,2.5114,1.0202,0.1679,1.366,240.87,0
0.0423,0.1231,0.7151,-0.6415,0.8739,-1.0906,-0.5034,1.699,78.8,0
-0.5621,-1.6778,2.1748,0.8032,0.8631,1.8188,0.2241,1.3524,271.95,0
-0.7707,-0.558,3.2939,0.421,-1.38,0.8427,-0.91,0.9091,71.4,0
1.5657,0.1985,-0.1069,-2.4599,-1.6113,-0.3943,-1.1011,0.8141,189.12,0
-0.8649,-1.4394,-0.2066,0.8118,-0.2206,0.542,-0.1811,0.717,346.74,0
-1.4566,-0.9843,0.3322,-0.6215,-0.7584,-0.4848,0.7296,-0.9329,249.95,0
0.066,-0.0862,1.3066,2.0819,-0.4315,0.8337,0.3191,0.3311,51.17,0
-0.2263,0.0959,0.1943,1.14,0.0848,1.2773,-0.1177,-0.3501,447.09,0
-1.2675,-1.6038,0.2096,0.0726,-0.5543,-0.4675,0.3885,1.3905,166.89,0
0.3538,-1.9463,0.6326,-1.5684,1.354,0.2086,-0.4634,0.9902,109.41,0
-0.5157,-0.8321,0.7272,-0.4683,0.5421,-1.1115,-1.3523,0.7553,64.45,0
-1.8737,0.4592,-0.3979,-0.8591,1.1585,0.8891,-2.0065,0.7155,342.71,0
0.2112,0.4826,0.0267,-1.0027,0.5086,-0.1975,-0.0217,2.377,313.03,0
-0.0572,-0.157,-0.8254,0.3038,1.3104,1.2477,0.7237,-1.6959,510.59,0
0.3666,1.2838,-0.6552,-2.2421,-0.9968,-1.0971,0.7367,-2.7167,144.9,0
-0.8271,0.3027,0.1578,0.2579,-0.5351,1.4372,-1.4727,-0.5905,767.88,0
-0.4955,-0.6224,-0.4549,-0.2474,0.5841,-1.0426,1.4584,0.5848,9.26,0
0.6605,-1.5941,0.3757,0.6526,-2.3524,0.1962,0.6946,0.5809,589.58,0
-0.4005,-1.8154,-0.36,-0.279,-1.8213,0.232,0.506,1.8599,22.5,0
-0.9355,1.0772,-1.1018,2.2614,-0.6132,1.7205,-0.1845,1.5807,455.26,0
-0.9907,-1.2865,0.2483,1.6868,-0.1161,-0.0387,1.2908,0.8782,254.8,0
-2.0262,0.8782,1.342,-0.8146,-0.2698,-0.5573,-0.5839,1.075,277.22,0
-0.3883,-0.5702,-0.9466,1.11,-0.7734,-0.0296,-1.4438,0.0308,98.16,0
-0.4798,-1.0308,0.0093,0.2702,-0.8858,0.9887,0.2711,0.8519,45.98,0
0.961,-0.1251,0.1179,-3.0164,-0.3923,0.3383,0.4653,0.9624,134.19,0
-1.4823,1.1114,-1.6254,1.0973,0.4244,-0.1989,0.3451,0.3177,276.77,0
-1.2052,1.1424,-0.3682,1.2697,-0.3334,0.4128,-0.1588,-1.7306,136.98,0
-0.0457,0.7866,-0.1989,-1.4552,0.569,-0.809,-1.3243,-1.0222,229.73,0
0.8473,0.7104,1.9203,-0.9672,0.558,-0.6811,0.5125,-0.2147,117.14,0
-1.0861,-0.8711,1.5235,0.8758,-1.2616,-0.4423,0.406,-0.6265,99.91,0
-0.6083,1.1794,-0.4936,0.6535,-0.5109,-0.224,-2.4212,-0.3019,558.32,0
0.0545,0.4084,-1.1847,0.8124,2.1724,-1.2628,0.3542,-0.7853,388.11,0
-0.0663,-0.1187,-3.1028,-1.244,0.5188,1.2006,0.7288,-0.0757,83.32,0
0.3909,1.4706,1.2338,0.4629,-1.1895,-0.5253,1.9338,-1.4167,144.32,0
-0.3553,1.4925,-0.1096,-1.4678,-0.2451,-1.1976,-1.3936,1.9988,424.13,0
-0.3733,0.7072,0.8663,-0.4974,0.819,0.871,-0.7131,-0.7013,67.92,0
-1.31,-0.5013,-0.462,1.2047,-0.6082,0.4524,0.1957,0.9033,347.52,0
0.7779,0.4884,-0.9848,0.2806,0.6479,1.1712,0.5103,0.3216,563.22,0
1.6783,-0.2976,-0.8233,-1.1241,-0.3364,-0.5627,-0.737,-0.6821,27.26,0
-0.4865,0.1092,0.3801,-0.5601,1.3331,0.5801,-0.8922,1.8829,613.84,0
-0.1944,-2.1868,1.5303,1.1775,-1.6767,0.89,-0.0077,-0.199,526.54,0
-2.8762,-0.0767,-1.0781,-0.8293,1.4746,-0.3748,1.8926,-1.4077,194.57,0
-0.7007,-0.5742,0.1718,0.8,-0.8184,-0.9912,0.0235,0.5393,13.17,0
-0.7282,0.1711,-1.3754,-0.9866,0.0337,0.2624,-1.6288,-1.0575,190.83,0
1.5436,0.8729,0.152,1.4684,0.0833,-0.6205,-1.0017,-0.1078,46.65,0
-0.5285,0.6964,-0.6271,1.6201,-0.0632,0.0852,1.1247,-0.1828,117.83,0
-0.3116,0.6018,0.2656,-0.6413,1.2581,0.7112,-0.4345,1.1036,279.68,0
1.063,-2.7472,1.6135,0.3304,1.3347,-1.1746,-1.7538,1.7864,187.06,0
-1.5136,2.0923,0.0502,-0.9985,0.2429,-1.0531,-0.2834,-1.4526,18.43,0
0.4673,-1.2889,1.0954,-0.8915,0.7434,0.5532,0.6163,1.8532,22.38,0
0.9132,-0.8601,0.9017,0.197,0.1428,1.0258,0.8434,-1.4045,289.58,0
1.5467,1.2117,1.9564,0.5592,0.5431,-0.4874,0.826,-0.6561,317.54,0
0.7792,0.1711,1.2229,1.5628,2.0718,-0.3871,2.4224,0.6375,51.5,1
-0.5011,-1.1904,-0.6589,-0.9342,-1.3139,1.0827,-0.3602,-2.2022,509.65,0
-0.2082,0.364,-0.0829,-1.552,1.8856,1.0042,-0.3354,-0.2951,46.6,0
1.812,-0.6857,0.2188,-1.2893,-0.335,-0.5188,0.4644,1.017,1.98,0
-1.0528,0.1528,-1.3361,0.0062,0.37,1.4615,0.2456,-0.8167,151.39,0
0.5242,-1.579,-0.8308,-0.6627,0.5646,-0.367,-0.0856,-1.4576,131.71,0
-1.0703,-1.4217,0.7884,-1.9124,-0.0787,0.7179,0.1878,-0.44,133.4,0
-0.149,-1.8292,-0.4233,0.0581,0.0397,0.556,0.4744,-0.1388,342.53,0
0.2714,1.1593,0.9928,-0.9276,-3.1338,0.3954,-0.8869,0.6223,140.11,0
0.376,-1.4027,0.9432,-0.5812,-1.0427,1.6462,0.6976,0.9771,748.18,0
-0.4667,1.209,-0.9164,-0.7425,-0.1278,1.0468,-1.1702,0.8915,256.87,0
2.0342,-1.0937,0.7695,1.305,-0.9707,-0.5751,-0.5864,-0.1328,176.05,0
1.6972,2.9001,2.3536,0.5938,2.8264,-0.3821,1.3835,0.3153,201.44,1
0.1196,-0.0406,-1.5207,0.263,-0.0423,0.3122,-0.0775,-0.3603,280.44,0
-0.7955,2.365,0.493,-0.5662,-0.2035,0.4308,-0.0087,0.3459,185.5,0
-2.4788,0.5683,-0.1614,-0.4814,0.181,-0.4958,-2.1239,0.9222,298.45,0
0.8024,-0.2702,-1.5255,-0.1951,0.1915,-0.8185,-0.1182,-0.0715,388.69,0
2.3259,0.0712,0.499,-0.5406,-0.6526,1.9127,-1.9167,0.2786,395.92,0
0.916,0.6312,1.9571,-0.5397,-0.1552,-0.2145,-0.3681,-1.9888,140.76,0
0.5777,0.661,-1.2936,-0.2966,1.8561,-0.9808,0.4266,0.1055,396.44,0
-0.6768,-0.1742,1.9813,0.2512,0.8693,0.5399,0.2734,0.1087,216.78,0
0.5744,-0.6608,-1.3039,-0.5756,0.6556,0.8892,0.3529,1.2014,62.36,0
-0.3564,-0.1983,0.838,-1.8958,-0.9739,0.6699,0.5528,-1.0585,72.18,0
1.1358,-0.0331,-0.4846,1.2265,1.5512,1.2554,-0.8531,-0.4952,261.38,0
1.521,-0.2387,0.5288,0.6281,-0.0201,-1.0959,-0.7988,1.1482,81.86,0
0.0971,0.728,1.5188,-1.894,-1.3254,-0.1196,2.7877,0.8859,210.56,0
0.1108,0.9837,-0.6092,2.133,-1.9046,-1.5851,1.7531,0.474,553.68,0
-0.1864,-1.6854,0.4049,-1.6966,0.1483,-1.2265,-0.8496,1.1547,409.22,0
-0.4963,0.6428,1.0888,0.2788,0.5604,0.2721,0.0095,-1.2936,144.6,0
0.1009,-0.0154,-1.1257,-0.6707,-0.6204,-1.4053,-0.5042,-1.0813,190.24,0
0.4073,-0.2292,2.689,-0.9246,0.7735,0.2433,2.0123,0.3867,41.42,0
-1.8027,0.0317,1.6395,1.6734,-1.8059,0.2984,-0.989,-1.1931,32.97,0
1.0232,-0.1268,0.4099,0.2635,0.3377,1.6847,-1.6244,-0.0684,341.16,0
0.4132,-0.4053,-0.1896,-0.1855,-0.3176,-0.4414,0.7622,-1.7707,195.33,0
0.2606,0.6778,-0.268,1.4982,0.7789,0.5425,0.4937,1.1573,324.75,0
1.6816,-1.7788,-0.1431,-0.4059,1.2801,-0.3157,0.4643,-2.3371,98.75,0
-0.1243,0.1959,0.8646,-0.3436,-1.5638,0.6212,1.1248,-0.0826,143.2,0
-0.5309,-0.7576,-1.3788,0.1031,-1.4057,-0.4638,-0.9087,1.0741,139.84,0
0.1224,-0.5131,-1.1991,0.0717,0.7673,0.0202,-1.0662,0.4818,522.53,0
-1.0146,1.962,-0.4811,1.1589,1.0272,0.3629,-0.1357,0.1938,389.39,0
-0.0202,0.1197,-0.3968,0.5044,0.5018,0.8189,0.6396,2.0,111.16,0
-1.8944,-0.8014,-0.8542,0.1457,-1.2198,1.6823,0.0435,-0.1231,734.23,0
0.6047,-2.6058,-0.2405,0.5179,-0.4105,0.0362,0.7507,0.0809,929.62,0
-0.1231,-2.0506,-0.1394,-0.4004,-0.9335,-0.7521,-0.4102,0.9925,24.04,0
0.8724,-0.1523,-0.479,-0.043,0.7127,-0.9864,-1.2033,1.4842,46.23,0
-0.4484,1.4258,0.0072,0.8963,-1.6418,-1.602,1.4372,0.1012,328.0,0
0.0198,0.1592,0.232,0.3364,0.4249,1.0945,0.0564,-0.8168,153.89,0
-0.4478,-0.3578,-1.6613,-0.0244,0.8991,0.0574,1.0905,0.5803,374.74,0
0.7796,-0.0213,1.1369,1.3152,1.1992,1.2055,-1.037,0.4826,150.44,0
0.4029,0.2164,0.4045,0.5295,-0.2747,0.0829,1.7433,0.142,231.49,0
-1.394,-1.7215,-1.6878,-0.4138,-0.232,0.6826,-0.0286,0.8434,52.63,0
-1.6541,0.4564,-0.7673,0.2143,0.1512,-1.8889,0.0811,0.5145,116.31,0
-0.9303,0.6145,0.945,0.9153,0.2149,0.132,0.5269,0.3038,475.64,0
-1.2035,0.0171,1.2228,0.2723,0.5544,-1.3879,1.9188,-0.7914,565.43,0
-0.2346,-0.2522,-1.7208,0.5397,-0.6959,0.7471,1.3164,-0.1879,402.43,0
0.9204,-1.1383,0.3996,0.0144,0.3475,-0.5198,1.3831,-0.1035,322.01,0
-0.4749,0.1648,-1.2516,-0.6276,0.3718,1.5075,1.1514,0.6609,224.5,0
-1.3372,-0.5678,0.0588,1.0081,0.3543,0.9475,0.0267,-0.7049,571.27,0
0.8691,0.9268,2.7205,0.3846,0.1197,-0.6792,-0.4526,-2.0471,105.33,0
0.9914,-0.827,-0.0048,0.8681,-1.936,-0.0576,-0.4293,-0.1338,43.18,0
2.0311,0.5732,1.3164,1.3068,-0.1259,0.9248,1.7886,-1.2638,204.4,0
1.8452,2.1506,1.8338,1.1836,1.1621,2.2487,1.5929,0.3027,388.06,1
2.1697,1.9426,0.6501,-0.2656,-0.0704,0.4056,-0.4202,1.3188,173.21,0
0.1328,-0.2871,0.6757,0.7018,1.417,1.3376,-0.0663,-0.9444,134.74,0
-1.4151,-0.605,1.6386,0.0329,1.5279,2.9856,-0.492,-1.1973,134.82,0
0.1003,0.4301,-0.735,-0.388,-1.3357,1.487,0.4502,-0.9161,392.26,0
-1.1144,-0.148,-0.0589,-0.7708,0.386,-0.6999,-0.5403,-0.1013,738.95,0
1.1544,0.3089,-0.4629,-0.3269,-1.3229,1.6612,-0.5412,0.9674,325.73,0
-0.6881,0.9652,-0.2572,-0.0344,-0.056,0.4499,-1.1486,0.5626,67.34,0
0.221,-0.7747,-1.4529,-0.684,-0.7516,0.9356,1.0125,-1.0499,660.1,0
0.4904,0.2602,0.6385,-0.158,0.1841,-0.489,-1.5506,0.3428,354.58,0
-0.4338,-0.1865,-0.7327,-0.5307,-0.5625,-0.2873,0.6558,0.4071,503.65,0
-0.3727,0.5921,-0.9472,-0.298,-0.161,-0.4481,0.8114,0.6413,146.02,0
-0.6021,-0.4767,-0.216,0.5728,-0.4776,-0.5334,-1.3454,-0.5717,363.66,0
-1.9894,0.3674,0.079,-0.5174,-1.0374,0.0128,0.4805,0.0978,170.57,0
-1.9915,-1.0362,-0.5752,0.8022,1.2955,1.1028,-0.1533,-2.4273,218.5,0
-0.9485,-1.6341,0.3829,-1.3269,0.5021,-0.3048,-0.4754,0.5093,98.13,0
0.8038,-1.5027,-0.8695,0.126,0.6632,1.679,-0.2401,-0.8657,252.45,0
1.3846,-0.4104,1.7,-1.3335,0.3174,-0.1856,-1.9752,0.6582,252.45,0
-0.0633,0.8077,-1.6118,-0.7209,0.5727,0.0417,1.4163,-1.4114,585.32,0
2.0087,-0.1025,-0.0077,-0.6707,-1.0034,-0.1263,0.0276,-0.0869,76.97,0
0.3854,-0.9547,0.2777,1.068,1.7292,0.2506,1.0597,-1.2096,650.87,0
-1.01,-0.3667,-0.8018,0.8001,-1.6388,-1.341,-0.5915,0.6829,147.0,0
1.3749,-1.026,0.1698,-1.4219,0.6207,-0.7854,-1.136,0.1943,267.34,0
-1.8698,-0.7137,-0.0746,-0.3568,-0.3295,1.1793,2.1465,-0.3133,188.12,0
0.2446,0.9586,0.5161,-0.6122,-1.6491,-0.9269,-0.6712,-0.7486,383.9,0
0.5368,3.1019,-0.1227,-0.1191,0.7436,1.6453,0.975,-2.1556,196.36,0
0.94,-0.5759,1.4775,-0.0073,1.1096,-0.7577,-0.7422,0.091,415.53,0
0.2125,0.1258,0.2321,0.6045,0.9782,-1.5636,1.3102,1.2458,286.26,0
0.1689,0.0029,0.5294,-0.0032,-0.7824,-0.5152,-1.1122,0.5284,207.38,0
-0.8369,0.6332,1.5285,1.256,-0.029,-0.8385,0.0082,1.3808,339.81,0
-0.4418,0.1091,0.1036,0.0661,0.1773,-1.04,0.1065,-1.7552,89.07,0
-0.2036,0.0563,-0.4798,0.9566,0.2915,-0.557,-1.489,1.105,113.02,0
0.078,-1.2357,0.6727,0.1461,2.5935,1.4573,0.7112,0.2492,328.19,0
0.3509,0.4866,-0.5224,1.8835,0.4221,0.5314,1.7589,-0.4491,396.47,0
-0.0091,-0.5238,0.107,0.668,-0.3446,0.902,-1.2711,1.1713,25.07,0
0.0592,0.2074,-2.0114,-0.597,0.4612,0.1941,-2.154,0.2071,14.83,0
0.5761,1.674,0.4338,0.4545,0.0514,-0.3279,-0.1621,0.1354,296.14,0
0.3978,-1.9712,-0.6472,0.4703,-1.0298,0.4093,-0.557,-0.0328,421.42,0
0.1652,0.9421,-0.3878,-0.8694,0.57,-0.7434,-1.8355,1.8404,47.31,0
0.9262,0.3364,-0.2577,-2.3578,0.3677,-2.2793,-1.9234,-0.1617,357.62,0
1.3459,-0.5929,-0.7438,-0.9041,0.8297,-0.9295,0.8176,0.5457,51.98,0
0.0379,0.1647,0.3999,0.7343,-0.7825,-1.4666,0.0843,-1.7472,548.34,0
0.0419,1.4916,1.2909,0.197,-0.2623,0.5066,-0.1805,1.6803,58.48,0
-0.2431,0.4674,0.8712,1.7534,1.069,0.8965,2.6336,0.0963,59.7,0
1.0075,0.1438,1.5059,0.243,-0.02,1.5261,-1.5385,-0.5854,33.27,0
0.4744,-0.0293,-0.4073,-0.0828,1.5946,-0.443,-0.472,-1.7074,414.48,0
-1.1245,-0.213,1.1134,-0.8237,0.5959,0.0946,1.9932,0.3903,167.67,0
0.5792,-1.1327,-0.2106,-0.599,-0.7018,-0.2501,0.8999,1.1057,81.31,0
2.9162,0.5554,-0.5507,0.2055,0.6308,0.5928,0.496,0.9665,44.21,0
-0.6159,-0.3324,0.2611,0.3962,0.6397,0.755,-0.1715,2.1087,48.47,0
1.0577,0.0839,-1.6816,0.3521,-0.5593,-0.8745,-1.1449,0.9999,130.55,0
0.5191,0.0436,-1.8882,-0.2866,0.6453,-1.0259,0.1657,0.4316,86.0,0
0.022,0.9487,1.6462,0.5206,0.3585,3.2002,0.207,-1.0905,435.5,0
1.014,0.3467,-0.0407,-0.1031,-0.1999,0.6511,0.1397,-0.7284,116.77,0
-1.6571,0.3869,-1.3858,-2.5254,-0.344,-0.7559,-0.8615,-3.1031,286.5,0
0.6496,0.1381,0.9517,-0.3773,-0.4593,-1.1173,-0.4057,1.9659,171.83,0
1.625,0.1896,0.9993,-1.9958,-0.4995,-1.8739,0.7804,-1.5472,541.13,0
0.3807,-0.3415,0.3563,0.9086,-0.6508,-1.1012,-0.2839,-0.7723,29.28,0
-0.0804,-0.6683,-1.1864,1.434,0.5042,-0.0298,-0.5648,0.2962,30.13,0
-0.5635,0.5721,0.3171,0.366,-1.0589,-0.057,-0.1802,0.4953,343.51,0
-0.3727,1.9863,0.0066,0.7196,-0.5395,0.6899,-1.4556,-0.4621,25.2,0
1.9061,-1.5302,-0.0267,1.8515,-0.0286,1.3468,0.6525,-0.0072,269.52,0
-1.2031,1.4943,-0.2623,1.8054,0.2654,0.5068,-0.4603,1.407,821.37,0
1.3974,-1.5441,0.5539,1.2926,1.019,-2.0964,-0.8537,-1.2802,173.69,0
-0.7887,-0.4163,1.1207,0.464,0.6385,-0.0258,0.8228,-0.8735,579.5,0
-1.7303,-1.4568,1.0202,1.2818,1.5999,0.2263,-0.9909,-0.438,27.66,0
0.0534,-0.4026,-0.1551,-0.536,1.4057,-0.0189,0.2162,0.2243,521.3,0
0.9503,1.1136,1.7447,1.2364,1.7495,1.3791,1.4662,-0.0409,325.81,0
-0.2339,-0.7707,-1.215,-0.8173,-1.15,-0.4202,0.4325,0.1207,300.1,0
-0.3132,0.4765,-0.6497,-1.3168,1.1477,-0.451,0.0184,-0.6101,74.71,0
-0.4948,-0.551,0.3568,-0.825,-1.5179,0.3532,-0.1077,-0.1289,44.85,0
0.556,-0.7006,0.537,-0.5072,0.4595,0.3785,0.0688,0.7945,96.6,0
-1.277,0.705,-0.2497,-1.9665,0.1008,0.439,0.9631,-0.0734,121.88,0
2.2358,2.0594,2.099,2.1535,2.014,1.2586,2.8825,1.3321,64.83,1
-0.0525,-0.9979,-1.4797,0.0499,-3.5304,-0.1007,-0.9447,0.7802,177.31,0
-1.6593,1.4953,-1.4996,1.5849,0.6696,-0.0763,0.442,0.4653,303.2,0
-1.2352,-0.2176,0.648,0.8394,-1.7747,-0.0918,0.4597,0.052,126.79,0
-1.1366,0.372,0.7774,-0.5013,-0.1662,0.999,-0.8082,-0.9097,498.8,0
-1.1756,0.4907,0.1753,-1.6165,0.9929,-0.1763,0.1618,0.7646,403.21,0
-1.4607,-0.8906,-0.7192,-0.2078,-0.761,0.707,-1.6051,-1.5797,126.9,0
-0.4706,-0.1546,-0.7678,0.0071,-0.2782,-0.6113,1.5898,0.4152,888.73,0
1.5743,0.1355,0.61,0.7251,-0.7081,-0.9144,-1.0323,-0.2471,53.21,0
0.5725,2.3916,-0.31,0.0161,0.7198,-0.3038,0.8026,-2.9474,94.0,0
0.0822,-0.6583,0.7243,-1.6063,0.89,0.0393,-0.2147,-1.643,315.15,0
0.0537,0.4993,-0.9305,0.8941,1.1291,-0.4945,0.5862,0.2805,1.09,0
0.7863,1.2146,-0.6106,-0.5242,-0.2354,-0.1436,-1.008,1.2659,656.34,0
3.6737,1.5921,1.6873,2.707,3.1436,0.8786,3.0278,1.1217,10.36,1
-1.4338,1.8383,-0.1862,-1.4061,-0.7522,-1.6508,0.6537,-1.0383,338.35,0
0.6488,-1.0363,0.4671,1.3928,0.0168,0.9958,0.1538,1.5874,381.6,0
2.1518,0.4566,0.8323,-0.038,-0.2096,-0.6109,-0.049,0.5559,236.76,0
-1.0599,0.2389,-0.254,-0.9348,-1.5895,0.6248,0.4464,0.5568,369.19,0
0.0587,-1.3885,-0.3607,0.177,-0.3728,-0.4856,0.3269,1.5148,30.88,0
-0.6665,1.0259,0.0031,0.7138,1.2497,1.6101,0.9342,4.6486,182.14,1
-0.7578,0.155,0.2399,-0.5566,-0.1441,2.1586,2.1204,-1.0541,64.91,0
0.2402,-0.0443,-0.7165,0.1493,-0.033,0.9278,-1.3404,-0.8054,286.45,0
-0.2594,1.7071,-1.365,0.9312,-0.0682,0.6065,-2.3872,-0.2607,98.3,0
0.181,-0.86,-0.0915,0.7164,0.0148,-0.5194,-0.2874,1.1918,236.39,0
0.2555,-1.3056,-0.5882,-0.0001,0.7394,2.433,0.7028,-1.0125,41.05,0
-0.4536,1.4632,0.8004,0.3156,-0.3219,0.3317,-0.0217,-0.6643,247.53,0
0.4584,2.3601,-0.6153,2.1241,0.7683,1.3404,-0.32,0.8445,119.1,0
-1.7599,-0.7115,-0.897,0.8317,0.9205,-1.0311,-0.7545,-1.479,91.76,0
-1.0997,-1.1,0.8368,0.5251,-1.2538,-0.6191,-0.9037,1.7763,161.99,0
0.4598,0.5222,-0.9184,-0.3292,-0.5228,-1.1889,-1.6516,-0.4236,3.99,0
0.2744,2.1845,-0.8693,-1.1176,0.3658,0.3625,0.3382,0.1858,305.15,0
0.6187,-0.2834,0.8926,-0.7966,-0.3997,-0.3021,-0.5384,-1.9342,381.95,0
0.0661,-0.6702,-0.9248,-0.4269,0.3956,-0.1694,-0.8816,-0.6701,270.46,0
-0.3237,-0.5092,0.4917,1.9826,-1.9446,2.2742,-0.2331,0.3478,370.5,0
1.4666,1.0023,-0.0915,-0.9265,1.5408,0.1367,-0.1302,1.5497,169.43,0
1.0778,0.0299,0.0853,-1.5003,-2.1508,1.2519,0.0781,0.2064,70.97,0
-2.0319,-0.0132,0.3114,-0.283,0.5253,0.2237,-0.5417,-1.9362,118.89,0
-0.6685,-1.6437,-2.0117,-0.6657,-0.1555,-0.516,-0.6833,0.5679,42.85,0
0.4995,-0.0492,-0.1146,2.4131,-0.5252,1.6399,1.4469,0.5041,397.57,0
-1.7434,1.3068,-0.5591,-1.4874,-1.1036,0.3905,-0.8225,0.2416,329.6,0
0.8502,-0.0334,-1.6963,-0.2317,-0.02,0.286,-0.7376,1.1409,7.16,0
-0.4143,-0.979,0.6956,-0.783,-0.8938,-0.393,0.9928,0.2149,297.54,0
1.0157,-0.9691,-0.6989,1.2554,-0.5706,-0.1881,-1.012,0.833,218.65,0
-0.9752,0.4862,0.8068,1.4768,0.3718,0.9246,-0.2971,-0.4783,110.14,0
0.6652,0.0034,2.5527,-0.3876,0.3235,2.8292,0.1941,-0.0676,464.47,0
0.1298,0.7336,-0.8425,0.1101,2.1428,-0.5,0.8538,0.5238,78.39,0
0.1523,0.7973,0.0168,3.1799,0.1513,0.1953,-1.7105,-0.5435,135.83,0
0.323,-0.5944,-0.162,-0.4204,-0.3604,0.648,0.2795,1.0039,195.26,0
1.3224,-0.0554,-1.7299,-0.0677,0.0885,0.5182,-1.5327,-0.312,180.88,0
-0.4786,0.7376,-0.6301,-0.5039,0.097,-1.2674,0.3294,-0.312,288.23,0
0.0062,-0.9052,-0.4876,-0.7441,-0.7173,-1.008,-0.4828,-0.8947,175.76,0
-0.1191,-0.1306,2.5053,-0.3376,0.9902,1.8117,0.6706,-0.6738,144.93,0
0.4193,-0.7352,-1.2965,-0.3253,-0.9402,0.4675,0.452,-0.4632,29.25,0
-1.0639,1.0866,0.2475,0.4786,0.2448,0.3277,-0.4684,-0.2058,39.04,0
0.0782,0.5503,1.7609,1.9484,-0.062,-0.5324,-0.92,0.977,30.25,0
-0.077,-0.3878,-0.1087,1.3632,-0.5787,2.2553,-0.6352,0.2401,651.82,0
-1.0589,-0.0171,0.0521,0.6153,0.6965,0.0859,1.0949,-0.3749,221.15,0
1.3356,0.844,0.8318,0.0301,1.1414,1.5708,0.808,-0.5703,253.23,0
-0.9102,-0.6877,1.3382,0.4745,1.0288,-1.3156,0.6548,-0.9714,133.63,0
-0.5453,-1.2168,1.3243,0.9201,-1.9323,-1.4744,0.5935,-0.2849,98.43,0
-0.6807,-2.1301,-1.4129,-0.7426,-0.893,0.2894,0.8115,-0.1284,274.43,0
-0.4512,-0.6742,-1.6404,0.078,0.162,0.7896,0.9107,-0.1974,305.58,0
0.8484,0.5809,0.5499,-0.7908,0.2942,-1.5055,1.5621,-1.4026,403.39,0
1.8372,-1.9359,0.2893,0.2727,0.2088,-0.5927,1.0225,0.4105,87.53,0
0.5898,-0.4441,-1.1393,0.9068,1.5049,-1.0919,0.1793,-0.4489,1.1,0
-1.9543,1.736,-0.5376,-1.6376,0.8982,-0.7286,1.0902,-0.7334,610.04,0
0.6054,0.7615,-0.5547,1.6878,-0.1111,-0.2438,1.3476,-0.6306,715.26,0
-0.8435,-1.9228,-0.2426,1.9579,-0.2172,-0.1075,0.8392,0.0213,138.83,0
1.0341,-0.7375,-1.3832,0.4349,-0.9629,1.0546,-2.1266,-0.4685,249.0,0
-0.1638,0.2217,1.7526,0.5536,0.7098,1.6009,-0.2894,-1.0469,682.11,0
-0.2983,-0.8755,-1.2163,-0.1364,-0.536,-0.4701,0.7396,0.2556,378.17,0
-0.1837,0.6955,1.0326,-0.1479,-0.9291,0.3357,0.478,1.2327,6.04,0
-1.2637,-0.5068,-0.0525,-0.4939,-0.2705,-0.7062,-1.4494,-0.5348,287.28,0
-0.0862,0.371,1.333,1.8423,-0.9212,-1.3159,0.3257,0.2424,419.48,0
0.2039,-0.7253,0.4,0.6154,0.5428,-0.1511,1.0909,-0.2576,58.64,0
0.6155,0.6054,-0.8385,0.8963,0.2554,-0.4346,0.2342,0.3445,369.93,0
-0.3267,-1.6146,-0.2624,0.8665,0.253,-0.1079,-1.5649,-0.328,481.79,0
0.4939,-1.9,-0.1545,-0.8677,0.2314,-0.791,0.6057,0.981,39.56,0
0.0005,0.1281,-1.5378,0.6448,-0.2604,0.4648,0.2351,0.1809,319.96,0
-0.5871,-0.8389,0.2472,-0.1556,0.048,2.3538,-0.1556,0.6049,60.68,0
-0.0642,1.3689,-0.8559,-0.9621,0.2365,0.7175,-0.7031,0.6704,286.97,0
-0.7881,-0.6861,-0.7015,-1.5992,0.1429,-0.0406,0.762,1.2607,466.34,0
-0.9265,-0.3108,0.5275,0.7729,1.0784,0.2234,-1.0543,0.7066,61.73,0
-1.0017,1.8381,1.8743,-0.0026,0.2815,-0.9809,0.6426,1.7596,443.09,0
-0.3579,0.7947,-0.5281,-0.4297,-1.412,0.4834,-0.1614,-0.654,243.91,0
0.2186,0.3808,-0.324,0.6937,1.0564,0.9964,0.4276,0.9389,316.95,0
0.108,0.5842,-0.2119,-2.0084,0.5904,0.1202,-0.9932,0.7733,430.1,0
-0.6788,-0.6678,0.7562,-0.4074,-0.4497,1.2541,-1.371,2.0562,399.06,0
0.5634,2.5719,0.6224,-1.1546,0.2818,-1.2807,1.2328,-0.9559,235.51,0
0.603,-0.2722,-0.9126,-0.4329,-1.7999,-0.5903,-1.4642,-1.4377,58.26,0
-0.6324,1.2635,1.5216,1.3799,-0.4081,-0.9538,1.277,0.5439,210.65,0
0.9908,2.0975,-1.7618,-0.3462,1.2648,-1.4469,0.5667,1.2215,252.92,0
2.3846,2.1146,1.7909,2.2018,0.5077,2.8143,2.9002,1.3382,154.76,1
0.8254,0.3515,1.1869,-0.3615,-0.4647,0.4128,1.0292,0.8251,548.76,0
0.9846,2.0087,1.4879,0.8052,0.0352,0.2097,-0.7535,-1.4482,268.69,0
1.7977,0.5516,2.2799,-1.023,1.5492,-1.8027,0.2081,-0.6316,47.92,0
0.0108,-0.1165,0.6081,1.7781,-0.3889,-1.9997,-0.2021,0.2993,386.33,0
0.5302,-0.7365,-0.9648,1.7648,-0.8121,0.6413,0.531,1.175,306.37,0
0.075,-0.8791,-0.4096,0.3046,-1.1173,0.1642,-0.2123,-0.6606,286.39,0
0.3891,-0.7941,1.1321,0.5405,-0.8612,-0.2173,1.4718,1.3517,1124.58,0
0.8584,-1.3697,-1.5734,0.0287,0.3986,1.0944,-0.5688,0.1934,427.91,0
1.7017,2.266,0.9473,0.8059,0.5888,-0.3234,-0.1102,0.9644,219.41,0
-0.4849,1.2288,0.4023,-4.3891,0.674,1.9182,-1.9959,1.5194,196.47,0
0.3341,0.4956,0.8718,0.4543,0.2817,0.7112,-2.4266,2.0891,25.02,0
0.0398,-0.7307,0.0826,0.0666,-0.8202,0.568,-0.7642,2.288,159.15,0
-0.1864,-0.1374,0.4184,0.3448,0.5824,0.5613,-0.982,0.9903,202.87,0
-1.0933,0.4192,-0.3359,-0.2274,0.812,0.3973,-0.1167,1.6864,469.43,0
0.3517,1.2003,0.8019,-2.4647,0.6149,-0.3437,1.165,0.5912,179.07,0
-0.7477,0.6913,-0.6901,-0.053,-0.5375,0.0032,-0.5673,-0.2235,150.3,0
-1.397,0.5192,-1.4135,0.6281,-0.5072,0.0084,-1.2943,0.1224,646.2,0
0.9065,-0.5013,-0.969,-0.4742,-0.9658,-0.1012,0.1021,-0.306,80.5,0
0.8681,-0.1041,-0.3057,1.9063,-1.07,1.2332,1.0212,-0.2252,109.66,0
0.6235,1.1458,-0.6338,-0.0298,-0.6353,0.163,-0.7783,-0.4241,200.56,0
1.3849,-0.4108,0.4235,0.045,-1.1572,-0.1855,0.5875,-0.499,142.3,0
-0.0537,0.8629,0.6962,-0.5777,2.3021,-0.0244,0.2364,0.5513,80.82,0
-0.7004,2.1861,-1.4142,0.4968,-2.5145,-1.3512,0.8869,0.036,263.7,0
-1.2491,-0.9031,1.0623,1.7401,-0.6213,0.6715,0.19,-0.1205,73.19,0
-1.792,-0.4704,0.0277,1.9233,-1.96,-0.0962,1.4567,-0.785,53.76,0
0.7232,0.6447,-1.2294,1.6994,-0.8031,1.7375,2.0222,0.5127,55.06,0
-0.8124,-2.2028,0.3621,-1.1013,-1.073,-1.3725,0.7774,0.7115,339.65,0
-0.2698,0.9769,-0.06,-1.5287,1.2376,-0.2141,1.0912,-1.3955,82.35,0
0.4869,0.1418,-0.2893,1.5288,0.7081,0.3021,0.6925,-0.7053,53.63,0
-0.4255,-1.4331,2.5448,-0.037,-1.0832,-0.6698,-0.1731,-0.1752,282.36,0
1.8729,-1.6736,-0.8158,0.0698,-0.5157,-0.0313,-0.1176,0.4076,39.18,0
0.3269,-0.1565,0.3581,-0.0258,0.5451,0.1873,-0.3374,-2.0258,902.76,0
1.9835,2.0858,2.9951,1.9055,2.3581,0.3252,0.2283,0.2948,194.66,0
0.5235,0.4133,-2.6979,-0.3008,0.8007,0.148,0.1463,-0.365,252.57,0
0.2516,0.9013,0.6933,0.307,0.1865,0.5473,0.7633,-1.3522,131.79,0
0.5297,2.0304,0.8206,1.1226,-0.3774,0.1047,0.4265,-0.6596,161.98,0
-0.4965,1.0217,-0.2102,-0.6215,-0.6282,0.6422,1.7506,-2.1409,127.51,0
0.0809,1.1025,1.2993,-1.7569,-2.1777,1.1621,1.2024,0.2566,281.09,0
0.6012,0.5057,-1.0583,-0.8689,-0.2757,0.9574,0.2331,-0.2067,211.95,0
1.061,-0.4119,-0.0975,-0.3053,-1.5059,1.4718,0.7454,-0.345,20.64,0
-0.4425,1.1249,-0.9933,0.392,2.2727,0.2054,-0.7756,0.4104,462.82,0
-0.2254,0.9543,-0.8885,-2.6167,-1.6045,-1.0283,-0.6557,0.1872,35.93,0
-0.7487,1.0479,-0.6522,0.2253,0.2167,0.6615,0.2507,-0.7392,321.45,0
1.0192,0.399,-0.3831,-1.9248,1.6265,-1.0491,1.3828,0.5368,384.89,0
0.1606,3.372,1.5887,0.9452,2.5638,1.2113,0.7509,4.1268,8.82,1
-1.0091,0.1468,1.5521,-0.2246,1.843,0.1637,-0.0565,0.1166,145.78,0
0.121,1.5263,0.4375,0.1763,-0.1999,-0.0506,1.3046,0.0037,209.93,0
-0.3643,-0.3344,0.0367,-1.0658,-2.2328,0.2391,-1.9889,-0.993,190.43,0
0.4099,-1.5857,0.1046,-1.9133,0.8042,-0.693,-1.2231,0.8179,740.9,0
-0.342,-0.8662,-0.5887,-0.4148,1.2972,0.1599,1.2836,0.4942,371.82,0
0.6199,0.2288,-1.385,0.3081,-0.5525,0.2115,0.0545,0.4717,460.73,0
-0.4625,-0.2024,-0.1187,-0.0513,1.168,-2.3472,0.0305,-0.0795,383.48,0
0.4193,-1.0273,-0.7524,1.6862,-0.7635,0.6409,-0.9447,1.0084,212.96,0
-1.211,1.169,0.5512,-0.1425,1.9078,1.8973,0.4392,-1.4557,136.33,0
0.7133,-0.894,0.1984,0.3005,-1.3295,0.4746,-1.2488,-0.4279,676.49,0
0.413,-1.8833,1.1305,1.1827,-0.4744,0.5213,-0.2171,0.2419,861.29,0
-0.5745,1.5846,-1.1562,0.7064,2.1867,1.0773,-0.0315,-1.1341,57.82,0
-0.0407,0.868,0.4512,2.2298,1.2511,1.4489,2.8001,0.7582,167.33,0
1.2527,1.5397,0.5043,2.1413,-0.3564,-1.6325,1.0532,-1.8386,45.72,0
0.0448,-1.248,-0.4925,0.6206,1.148,-0.9024,-1.0974,1.951,230.79,0
-0.7003,1.1922,-1.3896,-1.6325,-0.1351,-0.8426,-1.2582,-0.6371,258.93,0
-0.6057,1.2808,-0.5908,1.3979,-1.0493,-0.2929,1.4,0.1682,194.89,0
2.1281,-0.4201,1.5276,0.118,0.8367,-1.2197,0.3484,-1.0691,363.07,0
0.4874,0.6753,-2.0836,1.5893,-0.2039,1.2459,-2.0335,0.2566,256.8,0
1.3722,-1.9824,-1.2958,-2.4966,1.2083,-0.0967,0.9663,-0.1093,204.94,0
-0.6259,1.4135,0.5795,-0.9193,-1.2236,1.1582,0.0168,-1.5491,60.37,0
0.2859,0.6725,0.5254,-1.4804,0.2812,1.3168,0.1718,-1.31,79.96,0
1.8478,-0.0173,-0.0814,-0.4051,1.18,-0.5249,-1.545,-0.6787,247.13,0
-0.1072,-0.1027,0.0316,0.4727,2.535,0.1898,0.6626,-1.6865,602.66,0
0.2188,-1.0176,-1.639,-1.2282,-1.6794,0.075,0.3839,-0.9653,239.52,0
-0.2156,0.8388,-1.8573,-0.3595,-0.5134,1.581,0.4318,-1.1772,354.15,0
0.8834,-0.3057,0.6417,0.2229,0.7198,-1.3443,-0.1457,-0.058,129.66,0
-1.3488,-0.419,0.0983,-0.3033,1.074,-0.3085,-0.2345,0.8146,4.28,0
-0.6576,1.9426,-0.6922,-2.3556,1.0302,1.5005,1.6592,1.0383,302.41,0
0.1429,0.1698,2.216,-2.1922,0.2143,-0.2652,-0.2131,0.1493,287.5,0
-1.6681,-0.7004,-1.0844,0.2692,-1.7987,-0.4472,-0.1731,-0.0397,182.16,0
1.5712,-1.111,-0.7511,2.8985,0.941,-0.7331,-1.0814,-1.6727,268.03,0
1.3046,-0.6304,-1.8381,1.0074,-1.2786,-0.1958,0.2061,0.3855,108.44,0
0.0001,0.1497,0.7522,-0.4658,-1.3776,0.3636,-0.6928,-0.5893,215.81,0
0.1479,1.8359,0.1727,-0.5144,-1.909,-1.4339,-0.467,-0.1084,137.35,0
0.4654,0.7469,-0.4237,-1.2298,0.2802,1.4316,-0.6478,-0.728,66.65,0
-0.3677,-1.3973,-0.071,-0.119,0.1769,0.5292,0.4657,-0.7682,233.43,0
-0.6281,-1.4854,0.2832,-1.2826,-1.377,-0.3806,0.4307,1.9878,92.91,0
0.7957,0.8924,0.315,1.1314,0.1881,0.2005,0.1212,-2.0182,511.35,0
-0.1792,-0.8275,0.105,-0.5049,0.0466,1.0981,-1.2529,2.1735,427.31,0
-1.4065,-0.8389,-0.4303,0.7869,0.4058,0.5352,-0.0274,-0.7881,16.4,0
-2.1667,1.1699,-0.9115,0.2645,-0.676,1.9919,0.1246,-0.7081,10.17,0
-1.084,-0.2295,0.356,1.3646,0.0651,1.7037,-0.7067,-0.5376,11.91,0
1.0201,0.2263,0.2697,0.2836,1.7063,0.2551,-0.7841,-0.6159,11.88,0
1.002,-0.0955,0.3176,-0.1862,-0.6468,0.5229,-0.5552,0.3861,206.32,0
-0.2893,-0.4657,-0.3252,0.9497,-0.7853,1.735,-1.3251,1.6154,437.24,0
-0.951,1.0804,-1.1547,0.6548,0.7082,-0.5104,-1.2175,-1.9704,798.84,0
-1.6231,1.2845,1.6545,0.7658,-0.3305,1.4269,-0.3218,-0.7058,128.95,0
-0.0363,0.9941,-1.0512,-0.3745,-1.3816,0.9414,-0.0924,-0.8502,315.35,0
2.7927,2.48,0.858,0.3145,0.9574,-0.1131,2.0704,3.3386,282.7,1
0.6073,0.166,-1.6458,0.3515,-0.0565,0.5164,-0.3915,-0.8015,21.08,0
-0.9669,-0.716,-1.065,0.4551,-1.9676,-1.0116,-1.8629,0.419,187.8,0
-1.8211,0.9451,-1.6033,0.2868,-0.8437,-1.4267,0.2384,-0.3338,202.61,0
0.6678,0.534,0.4409,-1.183,0.2723,1.068,-0.2609,0.9774,755.96,0
2.0474,-0.0245,1.3973,0.8936,-0.5209,-0.5129,1.4463,1.4625,200.71,0
-0.3108,1.5425,0.3066,-3.0828,2.4209,0.1831,0.3434,1.0867,116.17,0
0.6688,-0.0037,0.2204,-0.2487,-0.5963,1.6208,-1.0999,0.6864,72.82,0
-0.6568,-3.028,-1.0118,1.0572,-0.5826,-0.4645,-2.3318,-1.6308,222.05,0
-2.2709,-0.3025,-0.3642,-0.3027,-0.5511,-0.9959,-1.822,0.1447,125.55,0
-0.6793,0.9149,0.3455,0.2445,2.0508,0.4738,1.2005,0.2729,325.02,0
-1.9823,0.2857,0.0438,-0.5397,0.3896,-0.0796,1.0547,0.5602,87.78,0
0.9893,0.1505,-1.2762,0.1076,2.6111,1.646,-2.9744,0.0633,856.68,0
1.2659,0.5544,-2.5995,0.6413,-0.5582,0.4531,-0.0141,-0.1927,203.06,0
0.4172,-1.4454,-0.7465,-1.4808,0.6217,1.1834,-1.2218,0.9957,30.47,0
1.2756,-1.4966,0.0384,0.0625,-0.7813,0.4382,1.4609,0.8918,105.2,0
-0.2277,-0.0375,-0.7191,0.6101,-0.0435,0.1664,0.3571,-1.1546,107.79,0
0.2663,-0.8888,-1.3535,-0.2524,0.6529,0.4167,-0.8808,0.1369,240.08,0
0.2866,-0.6366,0.0726,-0.4774,1.6142,0.547,0.6698,-2.6669,2.37,0
-0.0998,1.8083,-0.1565,-0.2377,-0.171,-1.3166,-1.0367,-0.5307,399.13,0
1.1468,-0.5837,0.0507,0.4022,-0.5501,-0.0955,-0.5836,0.3991,405.74,0
1.7851,1.0081,-0.5939,-1.0039,-1.3685,1.4732,-0.7782,1.4802,38.81,0
0.689,-0.8602,-1.3522,0.52,1.5005,-0.0248,-1.5274,2.0848,36.26,0
-0.8639,1.3849,0.3617,1.4104,-0.0601,0.5115,0.3002,-0.6241,158.31,0
0.1143,0.3771,0.4716,-0.9337,-0.9755,0.7149,-0.6293,-2.7501,76.38,0
-0.7377,-0.271,-0.2831,1.8741,-0.3942,0.3442,-0.5769,-0.5896,405.75,0
-0.0006,-0.064,-0.2441,-2.1669,0.7188,0.2445,0.8255,-0.117,694.23,0
0.0803,-0.5694,1.3309,-0.0393,-1.5658,1.2323,0.2193,1.115,334.3,0
0.1255,-0.3396,0.1604,-1.8097,-2.831,-0.9755,0.2822,-3.225,19.05,0
1.4872,-0.7709,-0.4836,2.1814,0.0963,1.8234,0.2069,0.2462,454.91,0
-0.049,1.486,0.9647,-1.1337,1.2421,-0.2623,-0.9045,0.1971,65.87,0
-0.1365,-0.0241,-0.3483,-1.0213,-1.4548,-0.6907,0.8593,0.2331,56.39,0
0.9648,1.0123,0.3314,-0.6124,-0.4583,0.2847,-1.3119,1.3278,101.83,0
1.14,-1.1989,-0.789,0.4212,-0.3383,0.5446,-0.3594,1.5248,529.16,0
-0.4694,1.3014,-1.0456,1.3252,-0.4334,2.114,-0.6818,-0.144,21.67,0
-0.1159,-0.9146,-0.1134,1.2156,-1.6147,-1.564,-0.6278,-0.0266,3.4,0
0.0802,-0.1368,-0.8478,-1.9558,1.4248,-0.2079,-0.4295,-0.6716,62.32,0
1.9214,0.619,-0.942,0.0327,0.9586,-0.5989,0.1405,0.3165,49.14,0
-0.7357,1.0972,0.3497,-1.0186,-0.1937,-1.7433,0.0354,-0.1984,135.68,0
0.3937,0.7988,1.6816,0.6145,0.9749,0.0543,0.7337,-0.0342,576.35,0
0.8974,0.7186,0.2639,-0.6938,0.3856,-0.067,-0.3083,2.6788,34.5,0
0.2245,-0.1382,-1.3528,-1.7106,1.9306,0.463,0.0196,2.1952,153.35,0
0.9305,-0.4997,-1.0459,-0.5845,0.9815,1.1787,0.5549,-1.6168,398.2,0
-1.3214,0.572,0.3107,-0.2033,0.4495,-0.3649,-0.6701,0.5437,33.33,0
0.1843,-0.7821,-0.9916,-1.1463,-0.4376,0.2496,-1.9118,-0.0464,300.38,0
0.1185,0.6513,-1.1391,0.3516,0.2052,0.139,-0.6833,1.1893,408.03,0
0.5138,0.4481,-0.3437,0.2679,-0.987,0.3872,-1.1749,-0.3593,91.17,0
-0.3356,-1.053,0.0728,1.0652,0.9327,1.5862,1.728,-2.0459,401.84,0
1.9187,1.1959,-1.0134,0.0137,0.4917,-1.7299,-1.6954,0.1546,559.71,0
-1.1226,-0.6778,0.3809,1.1705,1.6666,0.0414,1.8377,-0.2897,139.52,0
0.0672,0.963,0.2786,1.4231,1.1332,1.4967,1.3686,1.5629,15.79,0
0.5603,-1.2676,-0.0981,-1.3472,-0.1473,0.6474,0.9921,0.4728,519.51,0
0.7151,1.0857,-0.3589,-1.0745,-0.449,-0.0119,-0.6282,-1.0011,176.77,0
-1.9944,-0.3511,-2.4475,-1.0851,2.5585,-0.38,-1.4278,0.0253,276.45,0
0.3751,-0.2118,0.9071,0.3814,1.2838,-0.4655,1.0675,2.0347,429.89,0
-0.0652,1.6703,1.7143,0.9873,0.3375,-1.0051,0.7186,-0.158,388.95,0
1.1846,-1.5523,0.441,-0.3705,-0.9607,1.9719,-0.9545,-1.1301,243.11,0
0.056,-0.3077,1.0921,-0.5671,0.3269,0.8206,-1.4832,-0.7484,538.91,0
-0.8347,0.3333,0.579,0.1618,0.2966,0.381,0.1381,-0.7602,99.52,0
-0.7166,0.1239,0.7231,-0.1763,0.9134,0.7908,0.9078,0.4031,275.82,0
0.7396,-0.8284,0.9738,-0.0264,-0.5457,0.9632,-1.0857,0.8692,66.97,0
-0.1022,-0.0224,1.3444,-0.0197,1.0855,0.9399,0.667,-1.7866,426.17,0
-0.6672,1.0031,0.7965,-0.0915,1.3358,-0.1636,0.5175,-1.2538,90.23,0
-1.318,1.0153,-1.2427,-0.7649,0.2295,1.567,-1.0039,0.1477,384.86,0
0.9561,0.1569,0.1758,0.6213,0.7411,-2.0864,-0.3509,-0.4548,316.48,0
0.982,0.4722,-1.4488,0.026,-1.5653,1.3423,1.6141,-0.0557,186.04,0
0.1631,0.9737,-0.5592,0.1077,-0.6477,0.398,-0.6519,-0.6869,215.77,0
2.1257,-0.0138,0.2041,-0.3365,0.1511,0.9641,-0.2753,-2.1085,499.48,0
-1.5484,-0.9091,-0.3848,-0.3455,-0.1289,1.0326,1.2493,2.0055,409.88,0
1.4628,-1.0713,-0.318,1.1758,1.9731,-0.9931,-0.7388,0.3811,17.25,0
0.0449,1.6883,-1.0805,2.2422,-0.3823,-0.7669,0.8452,0.9243,793.64,0
-0.9776,1.3895,-0.8865,-0.2761,-0.0391,0.7063,-0.8518,0.9781,279.97,0
0.7643,0.2445,0.5132,-0.8157,-0.1741,-0.7695,-0.1991,-0.1188,318.75,0
0.9845,0.0351,0.6779,0.823,0.0583,0.4026,0.5942,0.4876,275.04,0
-1.3831,-0.3654,-0.7921,0.6769,-0.3717,-0.0728,-0.1892,-1.4801,261.26,0
-0.0289,-0.899,0.9239,-0.9746,-1.5549,0.4983,1.2185,-0.4051,65.58,0
0.5681,0.5921,-0.2416,0.0063,0.698,0.6336,0.7207,0.6267,3.14,0
1.6248,2.4893,0.4474,-1.324,-0.7732,0.5091,1.3411,-1.2129,211.85,0
-1.0645,-1.8722,-1.3465,-0.2565,-0.0694,-0.7931,0.0789,-0.4338,89.22,0
1.5084,0.6728,0.1122,0.6033,-0.6758,-2.1088,-0.6067,0.7475,216.45,0
-0.8508,-0.1736,-0.6342,0.3873,1.3927,0.5164,1.0264,1.1091,221.38,0
-0.3887,1.3555,-0.4267,0.7135,0.0346,1.0627,0.1915,-0.9318,356.95,0
0.9249,-0.8193,0.0244,-0.1025,-1.0024,-1.2804,-0.5804,0.1299,301.93,0
0.1165,0.534,-0.0318,-0.4988,-0.9474,-0.3172,-0.8222,-0.0628,377.77,0
-0.8275,0.4205,0.5153,-1.3672,0.1751,-0.1176,0.5447,0.8313,6.09,0
-0.4244,-0.346,-0.3655,1.2447,-0.9284,0.2771,-0.0685,0.0679,185.98,0
-0.0631,-0.1169,1.5914,-0.0204,0.0757,0.4842,-0.0978,-0.8203,175.8,0
-1.9719,1.4961,2.1609,0.1704,0.6655,1.0811,-1.3247,0.9283,272.96,0
0.8171,0.4475,-1.5305,0.5146,-1.0823,0.4383,-0.8056,-0.2815,474.07,0
0.2444,0.0572,0.793,-0.0293,1.7444,0.0445,-1.7035,0.6383,126.62,0
-0.6223,-1.1959,1.0624,0.0066,0.577,0.4675,-0.2068,0.9881,597.8,0
-0.0131,-0.3166,-0.2508,0.9925,1.2252,-0.6672,-0.6686,0.3794,277.29,0
-0.0729,-0.2666,-0.5138,-0.4397,1.112,-0.5986,0.5664,0.3146,196.57,0
1.8443,-0.2594,-2.1256,1.3951,0.4493,-0.131,-0.4372,-0.9469,748.42,0
-1.0145,-0.3218,-1.8597,0.5944,1.2468,0.9107,0.8126,0.8394,199.64,0
-0.2132,-0.3104,0.1118,0.4189,0.6817,-0.6336,-1.5758,1.2716,169.84,0
-0.9302,-0.4677,1.7486,-1.3882,-0.7319,0.9526,0.2165,-0.7912,100.44,0
0.671,-1.4463,0.3123,0.0257,-0.5315,0.2273,-0.9377,0.8408,259.97,0
0.5665,-0.4108,0.0078,-0.0043,-0.914,0.4386,-1.6492,1.7527,277.63,0
1.0921,-0.9281,-0.5181,-0.4926,0.8095,0.1455,0.0928,0.5363,139.49,0
-1.7153,-0.1046,1.6254,0.6973,0.4212,-1.0484,-0.7348,1.3444,55.93,0
-1.1435,0.6436,0.8269,-0.0239,0.2717,1.7521,-0.1576,-0.9443,154.71,0
-0.3232,0.7095,0.9061,0.765,0.9883,1.8037,0.3899,1.0992,294.82,0
0.2542,-1.4822,0.8515,-0.0071,-0.5422,0.7467,-0.1672,-1.1657,299.91,0
2.1958,3.559,1.0513,1.899,1.2424,0.9815,2.0464,0.9377,169.36,1
0.9533,-0.4512,-0.5146,-0.6775,-2.0605,1.2871,-0.6416,-0.8014,45.1,0
-1.8246,-1.7868,-0.0761,-0.1977,0.5798,0.02,0.5819,-1.2456,60.48,0
-0.6558,1.4344,1.5048,0.8429,1.1004,-1.8259,-0.9487,-0.3111,237.45,0
0.5311,0.1164,0.7503,1.8399,-0.6373,-0.9592,-1.0179,0.9944,297.78,0
2.6111,-0.5743,1.4955,0.0268,1.0611,-0.6885,0.6257,-0.2532,64.79,0
0.5649,0.6131,0.894,0.3121,-1.1685,0.6903,-0.0014,-0.4827,62.47,0
0.0203,-1.8372,0.4602,0.1614,1.9737,0.0075,-0.9427,-0.0507,191.32,0
1.2407,-0.0589,-0.1364,-0.6273,-2.36,0.0705,-0.7099,-1.0753,121.18,0
-0.1928,0.4666,0.0112,0.6742,0.0947,-0.3119,-1.1727,0.2472,118.32,0
1.0213,-0.9869,0.5349,0.9566,0.0166,-0.2986,0.133,-0.4166,151.49,0
1.5527,-0.1578,-0.7518,-0.9842,-1.1018,0.0117,0.8479,1.3066,200.66,0
-1.1216,0.7641,0.2454,0.6111,-1.8397,-1.4836,0.6632,-2.7787,26.15,0
-0.1606,-0.407,1.1715,-1.1967,-0.5771,-0.8984,1.4425,-0.8694,94.08,0
-0.0259,-0.9271,-0.2626,-0.8385,0.0692,-0.2767,-0.5133,0.4661,467.39,0
1.7292,-0.4832,1.4866,-0.2605,1.0198,0.7086,-1.9771,-0.9662,271.6,0
-0.8063,-0.0888,-1.5138,0.3207,0.2295,0.7955,-1.1453,-0.1919,51.24,0
0.2731,1.1721,-1.9793,-2.5577,-0.3993,-1.3786,-0.2366,0.2057,75.33,0
2.6034,0.3101,0.6977,0.2904,-0.0991,-0.2588,0.2942,0.5212,599.83,0
-0.4331,0.5999,1.1845,0.3983,1.7943,-0.7055,-1.838,0.7146,27.79,0
-1.0621,-0.0082,0.6732,-0.1904,1.1522,-0.432,2.0694,2.1222,131.96,0
-1.759,1.3576,0.1672,-0.4439,-0.4351,0.8694,-2.9531,-0.8242,319.24,0
-0.3654,0.9585,-0.8131,0.1406,0.2454,-0.2497,0.268,-1.3449,184.56,0
1.5377,0.1852,-2.0881,-1.3101,-1.0127,0.9341,0.805,-0.3004,8.15,0
-1.6582,0.8912,-0.058,-0.5999,-0.2508,1.0368,0.7312,-0.1279,103.03,0
-0.1441,-1.1843,0.4941,0.7612,0.9902,0.6665,-0.1282,1.552,116.97,0
1.0566,-0.3624,0.715,-0.0405,-1.0912,-2.7968,2.5076,0.073,317.41,0
1.8673,1.5695,-0.6843,1.6094,1.7622,-0.1239,0.0454,-0.0507,516.27,0
0.0835,-0.5959,0.4927,-0.1951,1.3093,-0.8636,-0.4523,-0.6009,319.61,0
-1.593,0.0442,0.3934,-1.4303,0.7771,0.6011,-0.5482,-0.1725,648.84,0
-1.3364,0.4986,0.089,-0.6438,0.8547,-2.2023,0.3467,1.6194,33.48,0
1.0789,-0.8838,-0.4552,-0.647,0.5102,-1.7195,-0.4977,-1.7228,397.45,0
0.6205,-2.7871,2.6523,-1.8492,-0.206,-1.1334,-0.74,0.2844,101.26,0
-1.18,-0.2044,1.7635,2.0938,-1.6609,-0.3544,-1.0344,0.9883,363.25,0
-0.6151,0.5262,-1.0776,0.0969,-1.4764,-0.2339,-1.147,-0.078,273.88,0
0.0631,-0.0115,1.5438,0.0025,-0.6483,0.5877,-0.8163,0.5335,20.71,0
0.5535,0.1155,0.3611,-1.3296,0.554,-0.4862,0.3495,0.92,277.23,0
-0.3995,-0.2608,0.3055,-1.2929,-1.1072,-0.3013,-0.1454,-1.126,129.36,0
1.3845,-2.1777,-0.8422,1.4751,0.912,0.5405,1.2332,-1.9166,44.93,0
-0.2971,-1.2642,1.1631,1.5525,-0.4106,-0.6491,1.0546,1.2161,455.41,0
0.0088,0.1334,0.38,-0.4395,0.9201,-0.8618,0.6266,0.2141,120.6,0
-0.2024,1.4257,1.3914,0.1557,-0.6,1.306,-2.0226,0.4439,203.94,0
0.7974,-1.874,-1.4154,-0.5143,2.1701,1.6774,0.7065,0.3565,1053.31,0
1.493,-0.1832,0.7736,-0.6129,0.0908,-0.8013,0.3223,0.8038,117.59,0
0.5594,0.2324,2.1917,0.635,-0.645,0.5192,-0.2861,1.2668,88.75,0
-1.1634,1.4312,-1.1571,-1.6502,0.1334,-0.4137,-1.5046,0.5258,264.29,0
1.8148,0.0272,-0.1155,-0.8499,1.9514,-0.1503,-1.332,2.4577,340.23,0
-0.7844,0.6178,-0.2217,0.7527,0.8793,-0.3128,0.9496,0.1384,210.3,0
0.0148,1.5656,0.2278,0.0167,0.0735,0.3999,0.6264,-0.7245,167.07,0
-1.8758,-1.1286,1.7212,0.6888,0.0655,1.8688,1.9583,-0.0359,564.67,0
0.5692,-0.2855,0.2045,0.22,1.6015,0.3816,0.0732,-0.6924,527.17,0
1.6381,0.7048,-0.1073,0.7383,0.0487,0.0452,1.2964,-0.8981,84.87,0
1.1742,1.1329,-0.6411,1.5951,0.0453,0.0497,0.099,0.0693,73.05,0
1.165,0.5479,-0.5979,1.5025,0.9395,-0.8279,-0.152,0.5169,248.76,0
-0.7689,-1.3445,-0.7304,0.2423,0.0844,1.8582,0.4831,1.9092,74.77,0
-1.0528,1.4817,2.0471,3.6304,1.282,5.2593,2.7869,-1.2775,385.55,1
-0.3859,-0.1034,-1.0093,-1.8519,0.5207,0.9641,-1.7922,0.3689,247.22,0
-1.4985,2.2895,0.3873,-0.3239,0.9561,0.7023,1.3109,-0.6623,921.01,0
0.2377,0.8196,-0.6846,0.1266,0.1842,0.3584,-1.7075,-0.9247,561.99,0
1.3768,1.1628,0.013,0.7278,0.7454,0.1489,0.1924,0.0982,203.62,0
-0.6075,-1.6491,-0.2875,1.3247,0.4607,2.0178,0.1772,2.4478,35.64,0
-0.5752,-0.3696,0.4632,0.6391,-0.231,0.9489,-0.079,-0.5042,454.19,0
0.0539,0.6302,1.4212,-0.2159,-0.3165,-0.8726,0.33,-0.2971,521.32,0
-0.8319,0.0045,0.3085,-1.687,-0.1893,-0.3031,1.0281,-1.8445,154.15,0
0.3471,-0.0544,-0.4155,0.6648,-0.2005,-0.9132,-0.2665,0.8206,237.72,0
-1.8082,0.4268,-0.2068,0.1298,-0.9117,0.7805,-1.4484,1.2416,612.36,0
0.2718,-0.7373,1.1994,-0.6795,-0.9007,0.2336,-0.686,0.0085,467.37,0
-0.8202,1.5922,0.0757,0.4609,-0.2676,0.6587,1.5788,-0.1313,38.55,0
-2.0735,-1.1986,-0.3754,-0.713,-1.6008,0.8578,0.2598,0.1403,21.51,0
0.3028,0.093,1.0285,1.0657,-0.5227,-0.9231,-2.4991,-0.3462,565.61,0
0.2117,0.7588,-0.0419,0.45,-0.9869,2.5539,-0.2839,0.2036,634.38,0
-0.9162,1.2689,0.0005,-0.1517,0.5918,-1.0049,-1.2892,0.4084,159.78,0
-1.6686,-0.9051,-0.3959,-0.8608,1.467,0.6345,-1.1097,-0.2143,198.35,0
1.6847,2.2026,1.5298,1.6358,2.0204,4.0142,2.9899,2.8727,29.67,1
1.2761,0.5227,-0.1568,0.1131,0.5809,0.7724,-0.5564,1.5347,249.36,0
1.7642,0.3305,-1.2275,1.7725,-1.0181,0.338,-0.2567,-0.4306,34.1,0
1.9259,1.0052,-0.3938,2.1821,-1.0962,-1.4718,-0.4211,-0.7586,255.66,0
-1.7723,-0.984,1.5732,0.8909,1.6237,0.0102,-0.2095,-1.2475,705.09,0
1.7178,-1.4394,0.5557,0.7989,-0.3379,0.1783,0.276,-1.3466,301.81,0
1.2204,-0.6702,-0.8228,0.0161,-0.0387,-0.1859,-0.9586,1.1987,13.7,0
-1.13,-0.0789,0.4052,0.1001,-0.1715,0.3586,1.0791,1.5357,296.1,0
-0.9655,-1.661,0.8194,-0.4744,-0.837,-1.0938,0.423,1.3749,130.98,0
-0.8997,0.4339,-0.3074,-0.7234,0.0532,0.3923,-0.8485,-0.2426,31.6,0
-1.1683,2.0181,-0.7592,-0.0087,-1.16,-1.2982,-0.8744,-0.9705,98.16,0
-1.2633,2.336,-0.8379,0.087,-1.2191,0.0416,-0.1337,-1.4895,275.99,0
-0.1241,0.8724,0.2774,0.4695,-0.7514,0.2562,-0.0963,-0.2035,165.29,0
-1.4422,0.069,-2.1222,-0.0412,-0.4253,1.1372,-0.4254,1.1386,209.71,0
-0.9787,-1.7442,1.4244,0.3982,-0.3338,-0.5214,1.4649,0.5915,27.99,0
-0.5802,-0.6107,-0.7259,1.0439,0.7701,-0.9324,-1.1944,-0.1573,55.62,0
0.5007,-0.4942,1.7828,1.6294,-0.8159,-0.1624,-0.7496,-0.1951,14.79,0
-0.3349,0.1939,0.9573,1.5152,0.2887,0.1178,-1.1073,1.5858,45.4,0
-0.1417,-0.1633,-1.2282,-1.6348,-0.1664,0.3628,0.3055,-0.4813,245.7,0
1.5927,-0.016,0.4003,-0.7508,-1.3705,-0.6104,2.187,0.633,457.05,0
1.165,0.5405,-0.086,-0.0812,-0.3507,0.4442,-0.1703,0.6249,206.38,0
0.8348,0.038,-0.4344,1.3827,0.6523,-0.8295,0.4539,0.8374,140.62,0
0.3465,1.037,-0.1076,-2.2389,1.1477,0.4003,-0.0331,-1.9804,18.34,0
0.9058,0.681,0.4205,1.0159,0.2031,-1.6447,-0.3781,-1.8044,348.46,0
1.2275,1.0391,-0.1351,0.8757,0.8681,-0.0874,-0.6931,-0.6352,12.4,0
1.516,1.1219,-0.5852,-1.3969,0.4598,-2.3174,1.1102,-0.2136,203.37,0
1.3975,-0.4066,1.5628,-1.6559,-1.1968,-0.1467,-0.3708,-0.6671,257.13,0
1.938,0.0518,-1.7378,0.3277,1.2062,0.1564,-0.9016,-0.9911,235.9,0
0.2274,-1.6457,-0.6724,-1.5014,-1.6948,0.1177,0.5603,0.4406,242.65,0
2.0704,-0.5796,1.556,-0.1889,0.8071,0.7342,1.1469,-0.8406,461.93,0
0.0189,0.1768,-0.4832,-0.0158,-1.2153,-0.1698,-0.937,-0.2774,28.11,0
0.0948,0.0102,1.1333,-0.8726,-0.161,-0.2822,-1.7262,0.8589,120.27,0
1.5516,-1.4921,0.9494,0.1187,-1.0183,1.9521,1.8487,-2.0739,500.56,0
-0.9041,-0.718,-0.0533,-1.7414,0.8276,-0.9629,-0.4715,-0.2133,149.11,0
0.2107,0.8636,0.8609,0.1944,-0.2542,-0.4171,0.4209,1.397,201.16,0
1.0278,0.6774,-1.0424,0.0996,-0.9114,0.0966,-0.9075,1.2772,406.64,0
-0.8314,-0.0289,-0.4292,0.7513,-0.4797,0.7585,0.5945,-0.3752,59.78,0
-0.5315,1.8954,-0.3797,-0.8751,-0.9937,-1.7339,1.5326,1.3711,920.82,0
-0.984,-1.598,0.5391,1.4331,-0.3453,-1.1447,-0.4299,0.3941,214.17,0
-0.4461,0.3998,0.574,2.4017,1.1506,-1.6364,-0.3602,-0.2666,262.01,0
-0.4613,0.5118,0.4688,0.6135,1.495,-1.6841,1.5138,1.8504,506.15,0
-1.5292,0.4639,0.539,0.5276,1.6428,2.036,-0.2335,0.6732,255.88,0
0.0634,0.4685,-0.3374,-0.2035,-0.0917,0.4056,0.4321,2.8114,218.53,0
0.7226,-1.815,1.4187,-2.4871,1.0344,-0.6341,0.7055,0.5102,158.77,0
0.5767,0.3615,0.1032,0.0146,0.2317,0.3156,1.1186,0.4765,287.23,0
-0.7742,0.3534,-1.4089,0.7827,1.0493,-0.162,-0.7739,-2.3106,408.65,0
-0.1428,-0.3721,1.11,-0.1667,1.1604,0.206,-0.0885,0.1582,42.07,0
0.723,0.2408,0.3132,1.3524,1.1503,0.2753,2.1454,-0.6282,637.7,0
0.2259,-1.2717,-0.8728,-0.8115,-0.1807,1.9847,-0.9332,-0.977,185.38,0
-1.4197,-0.3546,-1.2461,0.5206,-0.4114,-0.6271,-0.7583,0.2631,347.89,0
0.2445,-1.2385,-0.9118,-0.0609,0.5106,0.2313,-0.8488,-0.2366,23.9,0
0.0409,-0.1271,0.6828,-0.451,-0.2317,0.6194,-0.7736,-0.574,987.15,0
0.3921,0.0325,-0.2596,-2.1146,-1.9468,1.6475,-0.5855,0.9656,370.17,0
0.9913,0.1576,-0.4351,2.8221,-0.9916,0.8812,0.3328,-0.0625,286.17,0
-0.543,0.0818,0.2826,-1.0472,0.1409,0.3989,-1.2732,0.2148,296.08,0
-0.4956,-0.6356,-0.059,-0.1897,2.0607,-0.3839,0.2897,0.4659,25.45,0
-0.2057,-0.4689,0.4188,-1.4543,-0.4998,-0.1024,1.0701,0.3322,938.81,0
-1.2984,0.134,-0.5836,-0.5254,-1.1036,-0.6203,0.0088,0.2353,257.43,0
-0.2897,0.5527,0.1089,1.342,-1.1677,-1.8012,0.361,0.8357,229.29,0
0.9376,-0.6453,-2.5818,0.6882,0.0313,0.4314,-0.2288,-1.1439,415.46,0
-0.0559,1.7691,0.536,-0.9121,-0.728,1.3747,1.1266,0.0281,261.97,0
1.1692,-0.108,-1.1862,-1.0948,0.1247,-1.5965,1.8005,1.0489,143.8,0
-0.475,0.0313,0.0836,1.1056,-0.9525,1.1683,-1.2787,1.1657,46.35,0
0.8467,0.0413,0.2633,-0.1367,0.0522,-0.0436,0.3815,1.74,417.4,0
-0.1453,0.5642,-0.5884,0.1457,0.0081,0.3252,0.35,0.402,269.42,0
-0.1027,1.5727,1.01,0.29,-0.7631,-0.824,1.9738,-1.0099,99.79,0
-1.1307,0.3888,1.6315,-0.4032,0.8504,-0.8371,0.0213,-1.1619,57.35,0
-0.6116,-1.955,0.8636,-0.5502,2.9583,-0.7394,2.1053,0.7484,352.32,0
-0.3982,3.5142,1.182,3.7905,0.7073,4.3022,0.555,-0.5321,32.68,1
0.7671,0.816,-0.1906,-0.3512,1.1333,1.6641,-0.7494,-0.2634,282.68,0
-0.3866,1.1262,0.8858,1.0881,0.1845,-0.4564,-0.0091,-0.4257,324.98,0
-0.8708,1.752,-2.2279,-0.3681,-0.4172,1.1523,1.2983,0.9542,543.4,0
-0.1503,-0.7238,-0.8699,-0.715,0.8241,-0.4881,2.2493,0.416,260.41,0
-0.5402,-0.055,0.134,-0.6164,-0.1288,-1.0056,2.3457,1.0591,223.8,0
-0.5799,0.8517,0.061,1.521,-1.1541,-1.4762,-0.6162,-1.3846,122.46,0
1.856,3.4042,2.828,3.3119,2.8537,0.7337,2.7963,1.9207,207.7,1
-0.8574,0.3351,-0.2887,-0.9048,1.0142,0.099,-0.2281,1.3401,74.91,0
-0.4178,-0.8534,-0.053,-0.396,-0.9886,-1.639,-1.9682,0.7388,228.56,0
-0.7371,1.5554,0.7074,-0.3477,0.4709,-2.0395,-0.5649,0.401,75.5,0
-0.4031,-0.2156,1.0716,-1.8104,1.9669,2.4441,-2.7063,-0.0975,176.62,0
0.2067,-1.4463,0.4926,-0.3309,-0.1666,1.0483,-0.7194,1.3512,149.66,0
2.4112,0.5664,-0.5957,1.9274,-0.3474,0.1325,-0.4871,1.652,255.43,0
-1.7798,-1.0974,-1.7383,0.2722,-1.0845,-1.6903,-0.0419,0.0171,277.82,0
-0.0426,-0.0186,-0.5223,0.241,0.9082,1.1875,1.4123,-1.3148,368.31,0
-1.0283,0.2321,0.7714,-0.2253,0.838,0.816,0.5963,-0.0165,140.19,0
1.5791,0.3278,1.3437,1.5788,-0.5866,0.2749,-0.4249,-1.4822,336.5,0
1.0476,1.0712,-0.3464,-1.1351,-0.8146,0.2876,-1.6459,1.3935,438.31,0
-0.0997,-1.433,-1.1427,-1.2784,1.3069,0.5306,-0.8616,-0.5644,58.17,0
-0.4898,1.1265,-0.3216,0.1109,-0.1986,0.5074,1.0429,0.8356,959.08,0
-0.1272,-0.4852,-1.8567,1.2721,-0.2444,-0.7319,-1.1284,0.7707,352.62,0
0.1367,-1.2965,-2.482,-0.8447,1.8162,1.8554,-0.2618,-0.958,537.63,0
-1.3123,-0.8541,0.8608,0.0776,0.1512,1.0223,-0.7941,-0.5193,302.52,0
0.5856,-1.7598,-1.603,0.4896,-1.949,-0.4468,0.1621,0.4157,181.63,0
1.118,1.7126,-0.3778,0.1838,0.2151,0.6494,0.5374,1.425,388.62,0
-0.4997,0.3297,-0.0862,0.0609,0.732,-0.3432,1.3592,-0.9893,71.87,0
-0.293,-0.5536,-0.7609,-0.7884,1.6783,-0.5526,-2.1294,-1.166,261.15,0
-0.0513,0.8196,0.637,0.8429,-0.4764,0.4089,0.7379,-1.5513,473.13,0
0.6969,-0.1435,-1.8554,0.6747,-0.5652,0.5439,-0.2188,0.238,329.83,0
-0.5323,1.131,-0.2806,1.3724,1.7835,-0.7387,-2.921,1.0445,492.83,0
0.4199,1.9866,0.1003,-1.4888,1.6443,-1.221,-0.5594,0.2717,174.78,0
-0.6504,1.725,-0.7459,0.2145,-0.2291,-0.4508,2.1723,-0.4391,627.62,0
1.468,-0.0598,-1.2136,0.3921,-0.1777,-0.1502,0.4753,0.691,57.53,0
-1.0312,-1.9668,0.1713,0.5264,1.0075,-0.3586,0.7757,0.4858,755.31,0
-0.5594,1.2916,-0.4008,-1.8937,-0.2241,0.4803,0.342,0.3342,292.08,0
0.4799,-0.0018,-0.0684,-1.3211,2.0137,0.5357,0.2089,-0.6245,4.82,0
0.8601,-0.6878,-0.8165,-0.2101,-1.295,-0.9617,0.6447,0.6493,233.74,0
-0.484,-0.3776,-0.9264,0.8724,-1.3813,0.4508,0.6385,0.3165,122.4,0
1.6744,-0.7194,1.3914,-1.0412,0.0728,1.1831,1.1314,-0.4203,167.81,0
-0.3261,-0.1233,0.2527,1.5986,-1.5995,0.8766,-2.5122,1.3937,93.38,0
-1.0852,0.5055,0.7772,1.2872,-0.535,0.9272,1.3609,-1.6432,262.19,0
1.2467,-2.5607,1.9302,-1.3384,0.4951,0.4274,1.1237,-0.3287,507.83,0
-1.3324,0.7305,0.9668,0.5196,-1.0068,-1.0649,0.0972,0.0902,153.22,0
0.6777,0.6811,-0.5725,-1.0217,0.2137,-1.3125,1.2843,0.1574,141.04,0
-0.3659,-1.1052,-1.7621,-0.646,-1.4546,-0.6228,0.7444,-0.3754,229.62,0
1.0221,1.7693,-1.18,-1.2174,0.6171,0.4145,1.2497,-1.6308,110.71,0
1.3958,1.6601,1.4648,0.8812,-1.2822,-0.0084,0.3,-0.0998,546.11,0
-0.7569,-0.3301,-1.8858,-0.3706,1.0236,0.7052,-0.0869,0.2437,605.34,0
0.4397,-1.0827,0.7801,0.3129,-1.2021,-0.224,0.9314,-1.259,305.31,0
1.6476,2.0174,0.8739,1.5413,-1.5392,-1.4214,-0.3216,0.0412,282.57,0
1.1304,-0.9505,-0.046,0.2485,0.9008,-1.6756,-2.2096,0.0381,543.95,0
1.3363,0.0815,-0.0596,0.719,-0.345,-0.2107,-0.9447,1.7288,236.27,0
-0.4772,1.0505,-0.1232,0.6116,0.671,-0.4524,1.0919,-0.759,156.22,0
-0.6253,-0.7657,0.6596,-0.874,0.8225,0.3516,-0.8736,-0.0714,222.08,0
-0.8599,-1.2438,0.6394,0.8058,-0.7871,0.9126,2.0549,1.3467,406.17,0
0.4244,1.9361,-0.8248,-2.8748,-1.0535,0.486,0.0269,-1.2156,149.96,0
-1.106,-1.9387,-1.0024,0.8262,-1.4466,-0.8803,0.418,-1.0274,343.06,0
-1.1252,0.3969,-0.7422,-0.1433,1.708,-1.3982,-0.2795,-1.2746,339.96,0
-0.0103,0.9334,-0.285,-0.1797,-0.0326,1.1065,0.3116,-1.0573,246.7,0
-1.1136,-1.0182,-0.7659,0.1141,0.6208,1.1927,1.045,0.0008,471.47,0
-0.391,-0.4696,-0.6084,0.2765,2.2262,1.3318,1.9419,-0.5677,254.73,0
-0.0354,-1.4819,0.1255,-0.1273,-2.4804,-0.5231,0.4684,-1.0635,98.8,0
-0.5806,-0.2258,-2.3821,-1.1435,0.9483,1.1919,1.4062,0.4409,237.63,0
-0.0956,-1.048,-1.3664,0.1271,-0.7609,0.2466,-1.6195,0.6903,163.35,0
-1.7178,-0.3264,-2.3379,1.7951,0.5969,-0.6357,-1.1096,1.0281,585.85,0
-1.2512,1.3856,-0.3373,-0.9721,0.5447,0.1108,-0.3583,-0.464,179.2,0
-0.1622,-1.6914,-1.0981,-0.478,-0.6723,0.1178,0.5835,2.2696,388.5,0
-1.0057,-0.0653,0.1196,0.2481,0.9378,0.8321,0.195,-0.442,81.32,0
-0.5818,0.4556,0.7841,2.2765,1.4069,0.1879,-0.8914,1.624,284.44,0
-2.2392,-1.4099,-0.251,-0.8038,0.1034,-0.2946,1.1661,-1.0913,241.01,0
0.4069,-0.5048,-2.0051,-0.2365,-1.0644,0.4963,0.8057,-2.1748,123.15,0
-1.9239,-0.2917,1.1043,-0.53,-0.9037,0.8004,-0.2495,-0.4051,160.79,0
1.1165,-0.8358,-0.6627,-1.1905,-0.3674,0.3381,2.1152,0.2178,524.74,0
1.0221,-0.0079,-2.6972,-0.253,-1.3934,-0.6096,1.4519,-2.4345,169.28,0
-0.5058,-0.2913,-0.6747,-0.4475,0.049,-0.8217,0.286,0.2846,351.91,0
-0.0131,-1.0818,-0.7244,0.8501,-1.0291,-0.9337,0.1856,0.8724,234.26,0
0.1763,0.8991,-1.4723,-0.2853,0.8292,0.0656,1.4673,-1.5759,118.43,0
-1.0313,0.1723,0.0994,-0.7086,-0.7944,-0.0898,0.8862,-0.0765,478.78,0
0.0652,-1.1479,0.8202,-1.6341,0.2828,-0.3842,-0.4481,0.172,242.95,0
0.2946,-1.9053,0.1617,-1.3513,-0.3813,0.6045,2.304,-1.078,47.52,0
-0.8641,-0.2403,-0.3271,0.779,0.723,-0.5534,-0.0499,0.2762,828.4,0
0.9277,-0.2523,-0.1341,1.1698,-0.7772,0.6324,-0.6679,0.5759,427.67,0
0.1489,0.4357,0.3575,0.4453,0.9464,-0.4459,0.0876,-0.2936,101.15,0
0.9976,-0.3933,-0.5904,0.8958,-2.4528,0.7348,-0.7131,-0.7146,49.75,0
1.7542,1.0577,-0.0601,-1.6674,0.0856,1.5585,-0.7753,0.0825,68.97,0
1.0526,-0.2073,0.4531,1.4127,-0.95,2.0142,-0.7746,0.9003,513.58,0
-0.6062,1.0512,1.7757,-0.8509,-0.1932,0.3886,-0.8573,0.2703,180.49,0
-2.4484,-0.3256,-0.0037,-0.4472,2.1714,1.8243,1.0328,-0.9253,198.65,0
-0.7105,-0.7901,-0.0256,-0.3606,1.338,-0.1533,-1.2248,-0.8276,334.01,0
1.6401,1.1642,0.1991,-0.2407,0.3904,-0.6406,-0.1777,-1.475,384.34,0
0.5943,0.1696,-0.5756,0.4725,0.0794,-0.605,-0.1779,1.4136,153.32,0
-1.4307,-2.3528,2.868,0.5269,0.1368,0.2786,-1.4313,-0.7949,94.47,0
0.3666,2.722,3.9374,2.4479,3.9604,1.0216,1.6255,0.6096,109.85,1
-0.708,0.4102,-0.0825,-1.3755,0.8472,-0.4803,1.5921,-1.403,289.39,0
0.6475,-2.5554,0.1883,0.6042,0.5472,-1.1959,0.7731,0.0093,226.12,0
0.7904,1.4897,-0.5567,0.5535,0.4322,0.0081,-1.5266,-1.3016,286.13,0
0.4286,-0.269,0.5307,0.4417,-0.6083,0.6328,-0.4979,-0.4329,78.75,0
-0.1563,0.608,-1.7618,-0.3518,-0.8464,2.4755,-0.6668,0.0733,618.23,0
-0.8638,0.4078,-0.5171,-0.9607,2.1031,1.0668,0.3455,-0.3918,221.88,0
-2.7689,0.2409,0.8098,-0.9117,-0.4707,0.9237,-1.7502,-1.3216,181.46,0
-1.6189,-0.8286,0.2873,0.6208,0.4374,1.1757,-1.7631,1.1883,606.23,0
0.0516,-1.147,0.4288,1.1314,-0.0792,-0.2026,0.3734,-2.0285,37.0,0
1.8395,-0.9704,-0.1827,-1.9071,0.5588,0.8482,-0.9956,1.4351,173.66,0
0.9702,-0.7973,-0.5456,-0.9887,-0.6564,-1.3991,-0.1382,0.6331,26.03,0
0.281,0.3799,-1.4424,0.0614,-0.0563,-1.0242,-0.2215,0.4358,307.25,0
-0.9869,-0.066,-0.0044,1.6892,0.5933,2.3626,-2.1595,-1.217,24.46,0
-1.1237,-1.1297,-2.0985,-3.1195,-0.1318,2.3202,1.7968,-0.9782,6.26,0
-0.6057,0.4395,-0.8884,-0.5769,-0.5529,-0.2922,-0.5152,0.8528,72.01,0
-0.0298,-0.6412,1.3792,1.6405,-0.0992,1.1711,1.6506,-0.0329,30.59,0
-1.5236,0.6211,-1.3951,-1.0749,-0.1017,-0.4122,0.8857,0.0605,441.54,0
1.1838,1.5226,-0.0802,-0.2138,0.1405,-2.4119,0.2804,0.7204,257.34,0
-1.1451,1.366,0.8823,-0.2849,0.3522,0.3897,2.3429,0.8726,108.86,0
-1.0546,0.0698,2.4303,-0.4882,-0.0028,-1.312,1.2434,0.8747,146.84,0
0.986,0.1172,0.121,0.2051,-1.6931,0.3918,0.1599,0.8929,82.61,0
1.428,1.1772,0.7643,1.7634,-1.437,1.3703,-0.9912,-0.5643,410.49,0
2.3522,-1.538,-2.0292,-0.0589,-1.1345,-0.0388,-0.0737,-0.1958,331.18,0
-0.5386,-1.6276,0.808,-0.5773,1.0626,-0.0184,-0.2772,1.3632,290.38,0
-1.0586,-2.0846,-0.1365,1.4477,1.6747,0.3554,1.962,-0.0429,253.49,0
0.7644,-0.0029,-0.6861,0.1998,-1.6828,-1.6353,-1.1202,0.3495,32.63,0
0.9287,0.5968,-0.3213,0.4898,1.4325,0.083,1.9017,-1.4994,284.31,0
3.1167,0.325,-1.3023,-0.1959,-0.9748,-0.3959,-0.4026,-0.587,20.37,0
1.5118,0.5443,-0.1625,-1.0258,-0.7134,0.0066,0.2759,0.5656,53.46,0
-0.3532,-1.0591,0.2414,-2.6635,0.2725,0.3154,-0.2176,-0.0924,611.48,0
-0.1336,1.2197,0.9089,-1.1388,-0.6807,0.4748,0.3534,-1.0504,192.41,0
2.8833,-2.5042,0.2331,0.2716,-0.2281,-0.2045,0.0914,-0.252,251.94,0
0.1188,-1.3617,0.22,-0.79,1.6305,-1.6061,0.3845,-0.8742,212.25,0
1.7433,0.6583,-0.7636,-1.2268,-0.5157,-0.3154,2.0491,-0.1883,342.02,0
-0.6774,-0.5635,-0.121,1.4437,1.6938,0.7938,0.331,1.3354,611.47,0
-0.2237,1.3046,1.1198,0.8198,-0.0392,1.2296,-0.0526,0.678,380.97,0
0.4712,-0.0974,0.435,0.3394,-0.4259,-1.4587,-1.5458,3.0267,273.6,0
1.2331,1.3805,0.5298,-0.0829,0.7946,-1.1445,-1.8447,0.4366,19.24,0
0.1518,-0.2839,0.7279,0.5194,-0.3735,0.4784,-0.4126,0.4574,152.55,0
0.0426,0.202,0.1801,-0.0722,-1.0331,-0.7304,-0.3947,2.0652,53.15,0
0.8923,1.3885,1.4513,-0.1256,0.3879,0.7746,-1.1491,-1.127,879.9,0
-0.34,1.0371,1.2598,1.084,-0.1682,-2.1398,-0.1482,-0.758,24.68,0
1.5548,0.1406,-1.5126,0.3757,1.8591,0.4757,1.185,-0.4852,106.99,0
0.981,0.9706,2.2119,-0.7637,1.5974,1.5913,-0.2323,0.4736,60.07,0
-1.5097,0.6291,-0.7082,-0.2103,-0.1462,-0.2207,-0.2871,-0.4444,189.51,0
0.2873,-0.0639,0.3609,-0.4092,-0.5919,-0.2419,-0.4642,2.1805,534.71,0
0.2473,-0.1841,-0.3915,1.296,-0.7331,-1.3948,0.7957,-1.4204,154.46,0
-1.7567,-0.9243,-1.2775,-0.1317,0.2073,-0.5032,0.777,0.0788,54.3,0
1.221,-0.4572,-0.4106,-0.3731,-0.065,-1.5736,-0.5393,0.2304,202.17,0
1.8107,1.4075,-0.1367,-0.0495,0.0467,0.147,-0.8473,0.9366,482.65,0
-0.3001,-1.3753,0.0625,-0.295,-0.461,-2.1569,0.6828,-1.2331,76.89,0
-1.9967,0.3656,0.5554,1.2521,1.4296,0.9096,-0.5873,-1.0291,63.99,0
-1.5411,-0.62,-0.4073,-0.4033,0.075,1.4255,0.8121,-0.9875,581.68,0
-0.5782,-0.2205,-0.8802,1.0376,-0.6661,1.142,1.0685,-0.4459,81.84,0
0.5214,-2.5871,-1.7354,-0.2636,1.356,1.8878,-0.4145,-0.1706,0.33,0
-0.384,-0.7161,-0.4682,-1.1225,0.6224,0.2885,0.61,-0.4144,427.8,0
0.5136,-1.0783,0.7419,-0.0013,0.9431,-0.9483,-0.5352,-0.34,416.88,0
-1.5391,0.9585,-0.8627,0.1312,2.5686,-0.9624,-0.7239,-0.0175,40.57,0
0.7915,1.1551,0.4161,-0.9653,-0.8113,-0.4351,0.1895,-0.1222,688.67,0
-0.7349,0.3541,-0.2022,-0.1579,1.4304,-0.0852,-0.3568,-0.2697,544.33,0
-0.1647,1.9994,0.8022,-0.7495,-1.4001,0.5668,-0.0559,-1.4289,95.97,0
0.2755,-0.5855,-1.0061,-1.5985,-0.8304,0.7592,-0.427,-0.9582,530.79,0
0.8563,-0.4567,1.4238,-0.5356,1.4107,1.4783,-0.9215,0.5818,603.16,0
-0.9299,1.5135,-0.7188,0.2727,1.3509,0.5421,-0.7576,-1.0157,47.71,0
0.966,0.2518,1.1252,1.3861,0.2582,0.3185,-0.5575,-0.9876,189.8,0
-0.066,-1.0994,-1.523,2.1118,0.3252,-0.8241,0.4618,2.1892,526.61,0
-0.5637,-0.4064,-0.4626,1.2355,-0.0409,0.0791,-0.4406,0.4629,234.13,0
0.1953,-0.3685,-0.8813,-0.4273,1.8736,1.1124,1.0204,-0.7865,172.0,0
3.6484,1.4781,1.5158,0.7209,2.6647,3.1338,-0.7203,1.2842,243.15,1
-0.4538,-1.3361,0.0776,-0.1812,-0.3216,0.1988,0.748,0.7016,50.36,0
0.4774,-0.3032,0.9333,-0.8731,-1.3205,-3.1953,-0.0701,-0.8215,113.92,0
-0.4713,1.5561,0.7144,-0.9182,-0.2671,-0.2351,-0.538,-1.7102,48.45,0
-0.8782,0.722,-0.1156,-0.3251,-0.0911,2.5595,-0.7588,0.2266,269.95,0
0.2448,-0.7324,-0.3518,-0.0057,-0.5207,0.3314,0.4574,2.1727,48.59,0
-1.094,-0.7998,-0.6278,-0.4108,-0.0157,0.9586,0.4614,0.0608,100.98,0
-0.6604,-3.0178,1.1618,0.33,-1.4843,0.4731,-0.4473,-0.419,115.75,0
-0.1401,-1.8839,-3.0017,-1.5294,-0.0197,-0.0659,0.6332,-0.5495,151.28,0
0.3753,-0.7955,-2.0526,0.5906,0.6961,-0.2158,0.6037,-0.3483,201.35,0
-0.1835,-1.0654,0.561,0.7267,-0.2744,-0.7293,0.597,-0.1332,450.24,0
-0.2706,0.2199,-0.5135,-1.7906,0.9361,-2.1722,-0.5548,-0.0546,72.13,0
0.4802,-0.863,1.9928,-1.9293,0.5779,0.3668,0.6429,-0.7084,570.73,0
0.8634,0.5309,-0.2753,0.5199,2.2355,-1.4899,0.4873,1.832,192.32,0
-1.905,-1.4745,-0.5888,1.1349,-0.7787,-0.8161,0.0361,0.0371,140.73,0
0.3982,-0.3969,1.3315,0.2819,-1.9825,-1.0194,-0.6753,0.442,27.29,0
-0.3317,-0.9058,-0.1205,0.1078,-0.3514,-1.8189,-0.5809,0.7035,304.45,0
-0.7516,-0.1977,-0.9876,0.5739,1.3512,0.8417,1.0246,-1.3797,130.07,0
-0.3987,1.0648,-0.1521,-0.0962,0.2782,-1.0022,0.0253,0.8903,377.54,0
2.1269,1.5899,2.2814,2.3858,2.7626,-0.6802,0.3346,2.5214,601.4,1
1.1304,-0.6462,0.8516,1.3832,1.2161,0.1804,1.251,-0.5222,98.06,0
-1.2778,0.514,1.0618,-0.159,0.5702,0.5378,-0.2154,-1.0947,304.04,0
0.2472,-0.3331,-3.585,1.5348,-0.6947,-0.2416,-0.2203,-0.7838,295.53,0
-0.7856,-0.0909,0.8885,-1.6626,-0.0063,-0.9508,-1.0527,0.261,257.43,0
1.3643,-0.4685,1.6218,-0.8244,-0.1122,1.2672,-0.3232,0.2721,9.96,0
-0.4139,-0.9994,-0.7071,0.6436,-0.2303,-1.7535,1.0249,0.4167,3.89,0
-1.9655,-0.8375,0.1201,1.5784,0.5539,-0.846,1.5294,-1.3551,55.16,0
0.1841,1.5471,-1.4813,-0.9111,2.8045,-0.2731,-1.891,-0.5826,61.12,0
1.2036,1.6193,-1.676,-1.199,2.9278,1.0095,0.2244,0.032,132.04,0
1.2627,1.7169,1.6521,1.2698,2.2978,2.3583,0.2741,3.2146,88.65,1
1.3268,0.8321,-0.255,1.3733,0.7479,-0.2666,-0.1659,0.3293,107.35,0
0.2389,-0.0303,1.1861,-0.9286,2.0209,1.2748,-0.2035,1.7978,250.69,0
-0.1779,-0.8399,-0.4724,0.2612,-0.7061,0.9459,0.4301,1.1435,137.09,0
-0.2812,1.5517,-1.2942,-0.7525,1.1064,-0.2716,-0.1102,1.0734,170.74,0
0.1852,-0.5102,0.4271,0.3168,2.6777,1.0708,0.5159,0.5756,37.95,0
0.9899,0.4615,-0.6322,1.2829,0.7421,0.0268,-0.0216,0.374,140.67,0
-0.5624,-1.011,1.8922,0.4665,0.5724,0.8834,0.771,-0.4131,45.8,0
-0.2281,-0.7523,-0.2939,-1.2638,0.2143,-0.1492,0.5492,0.2004,353.86,0
1.3214,1.0411,0.2645,1.7144,2.1999,-0.6887,0.0268,1.1291,12.72,1
-0.5698,1.0094,-0.7163,0.8145,-2.331,-0.5594,-0.1714,1.7425,232.66,0
0.9512,0.7064,-0.2052,-0.0413,-0.3378,0.6213,-0.7203,-0.1911,271.91,0
-0.5844,3.0544,1.9001,-0.5412,3.3624,1.3614,1.5217,-0.1669,333.62,1
0.3254,-1.9046,-1.6831,0.0977,-1.1792,0.1367,0.196,-0.4898,47.78,0
-0.6429,-3.2574,-0.3468,-0.8989,-0.2104,0.0017,1.7679,0.3047,153.68,0
-2.0958,-0.9224,0.3628,-1.9245,-1.7661,-0.2705,0.4915,0.5378,221.64,0
-1.1822,0.974,2.2702,-0.5672,0.3473,0.2202,1.0002,2.2187,245.38,0
-0.5456,1.1049,0.8009,0.5252,0.1316,1.4489,-1.0602,-0.9648,24.44,0
1.1243,0.0276,-0.6712,0.5519,-0.4385,-0.8375,-0.8654,0.3215,569.59,0
-1.856,1.2746,0.6242,0.8992,0.5581,-0.1611,-1.0631,-0.1401,73.0,0
-1.8046,1.2465,0.4622,-2.413,-0.5764,0.8806,-0.28,1.245,542.75,0
1.8699,-1.0412,-0.5533,0.3725,-0.2189,0.5738,-1.4678,-0.2104,229.64,0
0.715,0.6059,-0.7884,-1.1683,0.0158,0.561,0.4052,-0.5122,214.28,0
0.1078,-0.5962,-0.1964,2.6182,0.1822,0.4502,-0.7055,1.0201,364.44,0
2.6896,1.2396,0.2821,-1.2279,-0.9861,0.7463,-1.3625,-1.3311,6.32,0
1.1009,1.003,0.3743,0.8822,0.2151,0.5554,-0.3157,0.1158,37.8,0
0.6707,1.7448,0.0367,-0.2265,-0.1057,1.6283,0.4028,2.1442,479.19,0
0.0842,-0.6321,0.2708,0.6715,0.2169,-0.8812,-0.4636,-0.4559,305.32,0
-1.2513,0.112,0.9802,-0.5604,1.5705,-0.7175,-0.238,-1.0796,253.91,0
-0.0542,0.5312,0.0464,0.1246,1.7234,1.2017,0.0794,0.2145,209.78,0
1.0832,0.5959,-0.4167,-0.9435,0.081,0.2478,0.0958,-0.1801,415.06,0
0.3074,0.1746,-0.2622,2.446,1.305,-0.7211,-0.2736,-0.2142,900.97,0
-0.8253,-0.8859,0.4603,-0.2875,2.0812,1.2504,1.3095,0.6714,138.81,0
0.2078,-1.1423,-0.3167,-0.0473,-0.0904,1.1265,1.8348,-0.4789,470.94,0
-0.0098,0.0915,-0.7394,0.2152,1.7151,0.2544,1.065,0.029,39.68,0
-0.1178,3.0647,-1.3458,-0.1251,-1.4237,-0.3878,-0.3471,0.8449,203.96,0
0.7321,0.358,-0.8203,1.3456,0.7325,-0.0742,-0.4682,0.3641,126.47,0
-0.0196,-1.0822,-0.6527,-0.2964,0.2482,0.0093,0.2104,-1.5248,22.0,0
0.1033,-1.1182,0.1008,-1.1459,1.1869,2.7278,0.4839,-0.6349,360.56,0
4.1806,1.8966,1.4497,4.3259,3.5287,3.3403,1.1491,1.0202,364.32,1
-0.6968,-1.0545,-0.6331,-1.5619,0.4948,-0.8028,0.3997,0.5375,57.04,0
0.8701,0.9315,-0.3012,0.9884,0.628,-0.6855,1.2713,-1.2675,311.99,0
0.4017,0.8261,-0.556,-0.0594,1.1619,-1.1028,1.8047,-1.3392,239.15,0
0.5703,0.2352,1.0932,2.486,-0.2698,0.7949,-0.0052,0.5061,564.74,0
-0.3438,0.7143,-0.581,0.0835,-1.07,0.2988,0.5081,-1.4229,37.66,0
-0.7093,0.5122,0.0568,-0.6173,1.3382,0.2048,0.6308,1.4166,116.46,0
0.4052,-0.4745,-0.8458,1.0264,0.3875,0.4904,1.5021,-1.0548,222.85,0
0.6206,0.7201,0.141,0.1298,0.0501,0.2691,0.716,0.6302,259.1,0
0.9778,-0.7497,-0.0586,-0.4485,-1.6818,-0.1094,1.8448,-1.712,115.17,0
-0.2028,1.5385,0.3406,0.2057,0.9006,1.0929,0.7836,1.4195,69.59,0
1.7618,0.265,-2.1594,0.2856,-0.1946,-1.101,0.3536,0.8798,56.12,0
1.9985,1.0017,0.9443,-0.2644,-0.2863,-1.4517,0.7817,0.4911,9.83,0
1.2397,0.6769,-1.6222,0.608,0.1118,-0.0978,-0.0227,0.2046,194.62,0
0.256,0.0185,2.1652,-0.7491,1.1549,-0.1259,-1.4804,-0.1883,49.58,0
-1.0692,-0.3322,1.2915,-1.2324,-1.2165,0.5913,-0.4151,0.4855,26.62,0
-0.2154,-0.6617,-0.3415,1.7239,0.6621,-0.5603,-0.0683,-0.0283,444.54,0
0.5856,0.8219,0.6231,-0.1212,0.7869,1.2609,0.8802,-0.032,104.9,0
-0.4616,0.3277,-1.7264,1.4626,0.5149,-0.8652,-0.5854,-1.7031,146.61,0
-1.8263,0.2614,1.5402,-1.3008,-0.2724,-0.3484,1.9205,2.2587,66.69,0
0.2745,-0.9764,0.9113,-1.3577,-1.5671,-0.5589,1.9545,1.8979,693.55,0
3.648,0.3839,2.8228,1.9099,-1.3147,1.3679,1.2232,3.3741,168.83,1
1.4002,0.5798,-0.3027,-1.4297,0.2067,1.0946,0.3543,-3.4446,73.06,0
-0.8119,-1.0541,0.0365,-0.5083,1.6029,-1.5714,-1.1613,0.2446,269.74,0
0.7904,-1.2669,0.9027,-0.043,0.1281,-0.0424,1.3861,1.2094,753.86,0
-0.5817,0.8982,0.4082,-1.7405,0.2688,0.2106,0.3635,0.5755,195.82,0
-0.6007,0.59,0.7233,-0.7685,-0.493,-2.2254,-1.0907,-0.7425,547.05,0
1.8857,0.1606,0.2329,0.1972,1.0029,0.576,0.442,0.736,249.62,0
1.0756,1.8464,-0.2587,0.0347,-0.5234,-0.3464,1.7114,-1.0042,143.77,0
-2.072,0.387,-0.8725,0.6312,-0.2016,-0.2498,0.0522,-1.1385,456.74,0
0.4091,1.258,1.1387,-0.5646,-1.4888,-1.3172,-0.3117,1.4623,629.27,0
-0.979,2.4222,0.2495,1.226,0.8553,0.9832,-0.1991,1.6064,564.43,0
1.124,1.354,-0.0692,0.2504,-0.4525,0.6269,-1.1941,1.7958,151.55,0
-0.8472,0.8841,-0.5345,0.654,-1.3292,-1.8068,-0.229,-1.5685,149.59,0
1.1649,1.4146,-1.2221,-0.2083,0.8393,1.8821,1.782,-0.7958,168.05,0
-0.0353,-0.3483,0.8316,1.1623,1.0842,-1.1855,1.3049,-0.3579,145.55,0
0.4256,-0.11,-0.2529,-1.7348,1.3397,-0.3219,0.5059,0.679,79.48,0
2.3681,-0.4315,2.0341,1.6269,3.437,1.5418,2.9293,1.2915,93.95,1
1.3396,-0.209,0.19,1.1382,1.6525,1.0029,0.241,-1.3756,0.12,0
0.0923,-1.2036,-1.0335,-1.4601,-1.0668,1.3573,-0.7331,0.4662,301.31,0
0.8378,-1.0486,-0.2671,0.3452,1.6135,-0.0093,-0.2425,0.2736,368.07,0
1.3493,0.6479,0.6869,0.6062,-1.3802,-0.8761,-0.205,-0.7259,481.14,0
0.0283,-0.3039,-0.3281,-0.5081,-1.6458,0.3829,0.2315,0.8497,89.94,0
-2.6383,0.3775,0.4312,0.4755,-0.5249,1.4897,-0.4599,0.4209,109.13,0
0.3647,-1.7897,-0.0536,-1.1223,0.2346,-0.0194,0.7435,1.0668,308.75,0
0.184,0.236,-2.4289,0.6465,0.1499,0.564,-1.2868,-0.3158,120.57,0
1.8799,0.5719,1.4484,0.6452,1.1251,1.8571,-0.7318,-0.7971,638.87,0
-1.1474,-1.7153,-1.4391,-0.9612,-0.2388,-1.2087,0.1857,-0.2464,274.91,0
0.6674,0.7245,0.186,1.0927,1.2688,0.8164,-0.5462,0.4944,378.28,0
-0.3628,1.4261,0.0127,0.6484,0.5577,-0.8243,0.3672,1.9283,85.74,0
-0.0542,-0.3787,0.8199,0.8479,-1.8353,1.0451,-0.6108,0.2363,216.36,0
0.2066,-0.0449,-1.2711,0.0623,-1.8932,-0.5816,-0.5631,0.287,794.13,0
1.7136,0.8275,1.741,-0.6719,-1.5924,-0.1403,-0.2256,1.4594,835.56,0
1.1666,-0.331,1.2025,-1.364,-1.3884,-1.2138,0.0092,1.2024,57.64,0
1.9854,-0.6565,1.9035,0.4032,-0.0498,-1.5006,0.0047,1.8922,253.42,0
-0.1948,0.5562,0.6463,0.7314,0.2895,0.1938,0.1003,-0.576,21.36,0
-0.204,-1.1455,-1.3943,0.549,0.2862,0.1055,0.2707,-0.6189,26.91,0
-1.0278,0.1086,1.0623,1.4727,-1.1478,-1.5186,0.0621,1.1092,219.75,0
0.1202,0.4452,-0.4002,0.8397,0.149,0.7888,0.1941,0.3764,264.08,0
3.0621,1.2558,1.2848,1.2903,3.206,1.7114,1.4216,2.3082,673.24,1
0.2781,0.2425,0.5895,-0.4773,1.247,0.4436,-1.2872,-0.1075,108.37,0
-1.2993,-0.1081,-0.3333,-1.4357,0.1494,-0.0956,1.1822,2.013,135.18,0
-0.6678,-1.5627,0.8282,0.4001,0.456,1.4732,-0.3159,0.6096,123.16,0
0.8591,-1.0284,1.7386,0.2202,-2.7483,1.6595,0.0051,-0.3955,176.99,0
-0.2257,-1.1591,0.4835,-0.3859,-0.6718,0.4987,-1.1437,0.7705,331.14,0
3.3651,5.963,-1.3965,2.1957,1.8905,1.5654,2.5058,1.9947,112.12,1
0.3497,-0.1962,-0.2347,1.6181,-0.1263,1.331,-1.5881,2.6881,239.93,0
-0.7948,-0.2414,1.8706,-0.0633,-1.1444,0.9188,-0.4719,0.2838,507.87,0
0.5958,0.0986,-1.1051,-0.9055,-0.6072,1.4014,1.0767,-1.0799,375.57,0
-0.1885,0.411,-1.6407,0.7046,0.7633,0.047,-0.8676,-0.9794,233.76,0
-1.189,-1.8044,-0.0417,1.3788,0.3957,1.7092,1.3212,0.0206,494.28,0
-2.1125,-1.0391,0.3069,-0.6756,-0.3153,0.6128,-0.17,-1.219,147.0,0
1.7557,1.7688,-0.9246,-0.7273,-0.324,1.2243,-1.2873,-1.9666,17.86,0
-0.5169,0.0627,-1.2508,-2.2432,0.4577,-2.1136,0.8541,1.5585,413.33,0
-1.9279,0.9083,0.1587,0.4727,-0.4424,-1.3844,-1.1858,-0.2722,53.4,0
-0.7451,0.382,-1.3424,0.0147,0.5724,0.9076,-0.7642,0.0178,3.18,0
-0.8283,1.6244,2.0678,0.1648,2.5907,-0.6802,-1.2511,-0.7096,209.97,0
-1.1854,-0.0108,-0.3738,-2.4653,-0.6524,0.3436,-0.058,-0.7765,12.87,0
2.3676,-1.2538,-0.2429,-1.0374,-1.036,-0.4522,0.6362,1.2905,842.97,0
0.9184,0.6565,0.0978,-1.2261,-0.089,0.1847,0.7827,0.273,57.3,0
-1.3593,1.5132,-0.5945,-0.2375,-0.5922,-0.0816,1.3081,2.473,244.11,0
0.301,0.1583,0.9605,-0.1331,0.7911,-0.1722,0.4344,-1.5029,367.94,0
1.9418,0.0548,-1.9227,-0.9139,0.2623,0.093,1.6245,0.9601,65.91,0
-1.4778,0.5841,-0.7468,0.8946,-1.6302,-0.0984,-0.0342,0.4805,169.61,0
1.0653,0.7528,1.0719,0.6084,0.2097,1.0994,0.9194,0.3761,30.25,0
-1.2871,-0.1217,-0.039,-0.2437,0.4439,0.6344,0.3923,-0.1769,202.21,0
-1.1473,0.6225,-1.6412,-1.8299,-0.1219,-0.2112,0.2723,-0.6495,150.28,0
0.7924,0.1251,0.8767,-0.5633,0.8854,1.0158,0.6775,0.1342,77.92,0
-0.9869,1.5283,-1.1591,0.4271,-0.4736,-0.1893,-1.4239,1.3431,226.67,0
-1.0849,0.8006,0.2654,-0.194,-1.7729,-1.5402,-0.3645,-1.4646,679.11,0
-1.0189,0.4391,0.9952,-0.436,-0.7906,0.5304,-1.4816,-1.088,295.92,0
2.0045,-0.4489,-0.8585,-1.1268,-0.388,-0.6952,1.4381,-1.2487,356.59,0
0.753,0.0462,-0.1788,-0.0154,-0.7254,-1.3667,0.3087,-0.5335,6.11,0
1.7736,-1.128,0.6446,-0.0729,-0.499,1.0722,-1.4614,-2.3664,350.82,0
-1.382,0.1973,2.1397,-0.8686,-0.0592,1.4135,0.6171,2.4802,348.62,0
1.427,-1.0874,-0.1633,-2.1413,-0.1783,-0.816,-0.2178,2.9236,113.47,0
1.1294,-0.537,-2.136,-0.6748,0.5479,-0.0667,0.1803,-0.5233,121.22,0
-1.3873,-0.7693,-1.8106,0.1446,2.2638,-0.0443,0.101,0.5502,132.71,0
0.243,-0.3139,-0.9662,-1.4699,0.2239,1.6134,0.2032,-1.3828,25.33,0
0.2058,1.5167,-0.2901,-0.3071,1.4396,0.9856,0.1449,-1.561,356.16,0
-0.3411,-1.4544,2.1321,0.2375,0.4566,-0.4224,-1.562,-0.0833,436.75,0
-1.194,1.4027,1.5673,-1.0387,-1.1041,-0.3478,0.3404,-0.1818,373.93,0
-1.7811,-0.3175,-0.2249,1.2237,-0.5062,0.2649,0.2258,1.1577,345.65,0
0.5882,1.218,-0.9856,1.2809,-0.0444,1.5922,0.0033,-2.0475,64.17,0
1.4411,-0.7308,0.2262,0.2478,0.0854,0.1149,0.0371,0.2117,195.99,0
-0.0011,0.1563,1.3873,1.3059,1.1532,-0.6288,-0.9868,0.7608,100.43,0
-2.0357,-0.2957,0.8011,-0.8452,-0.2401,0.5936,1.5183,-1.2939,377.7,0
1.6133,0.3696,-0.3039,0.528,1.0089,0.7742,0.7188,-1.4981,265.99,0
0.8382,-1.2676,-0.7573,-2.3876,-2.1843,1.7982,2.0836,0.0927,569.93,0
0.4565,-0.6966,0.6467,0.0093,-0.2401,-0.8616,-0.4642,-0.1778,237.44,0
0.2454,-1.0593,-0.0444,-0.1439,-0.6245,-0.7933,0.4051,-0.2258,134.27,0
0.3793,-1.3622,1.2556,0.0302,-0.2442,-0.8439,0.6223,-0.8045,73.1,0
-0.0074,-1.7403,0.4616,-0.451,1.2615,0.5911,1.1701,-1.011,73.87,0
0.293,1.1685,0.4002,-0.0756,-0.6681,0.8308,-1.1769,0.2428,24.04,0
-0.7701,-0.0948,-1.2345,1.5569,1.1549,-0.0316,-1.1541,1.5359,356.74,0
-1.1835,-0.4875,0.8861,-1.2008,-0.0786,-0.0091,-0.3858,2.6958,130.68,0
-0.6336,0.1763,-1.3378,-0.1298,-2.5279,-1.5681,-0.3223,2.3751,67.7,0
-0.7441,0.6137,-1.8789,0.7768,-0.0232,-0.4871,-0.2325,-0.1592,135.4,0
1.798,1.2887,-0.7941,-0.6775,-0.8286,-0.7834,1.4927,-0.2438,263.26,0
-1.3672,1.7907,-0.1419,-0.0809,-0.3425,-0.4884,1.5441,1.386,262.78,0
0.8467,0.7389,0.5375,0.0736,-0.5244,-0.815,1.2899,0.7648,84.29,0
-0.9949,0.2269,1.0128,0.4307,0.1667,-0.797,0.8672,-3.1319,67.01,0
0.1,-0.9928,0.5821,1.2679,-0.6601,-0.7276,-0.7641,-1.6787,273.91,0
-0.9144,-1.0594,1.0571,-0.3985,0.2397,1.997,-0.0105,0.7062,2.19,0
-0.2595,1.127,-1.0049,-0.8417,1.2523,0.0758,0.6698,0.4018,14.7,0
0.9321,-0.1823,-0.4601,-0.267,0.5522,-1.1485,1.1887,-0.056,470.29,0
1.0315,0.6832,0.6804,1.7135,-0.33,-0.549,-0.3536,-1.6022,171.96,0
1.2464,0.0073,2.2342,0.7462,-0.9006,0.0696,-0.1525,-0.2504,269.52,0
-0.1261,-0.5825,-0.9894,-2.2136,1.2481,-0.3535,0.8754,1.0765,404.86,0
-0.1965,0.5859,0.3204,-1.0569,1.2942,0.9444,-0.9012,1.2241,470.07,0
-1.007,1.6486,2.2395,0.4783,-0.0109,-1.295,1.5464,0.0763,772.96,0
0.9977,0.5026,0.8541,0.3738,0.1725,-0.5037,0.813,1.0249,72.64,0
-0.4564,-0.2689,-0.1001,1.4698,0.0301,-1.2357,-1.1959,0.1392,140.38,0
-0.5275,-0.3105,-0.3821,-1.1902,0.165,-0.5972,0.6709,0.5176,365.16,0
1.6257,-0.2116,-0.8032,-1.4697,2.1933,0.6621,-0.6924,1.6932,402.07,0
0.4374,-2.1165,-0.1773,1.4539,-1.4176,-1.5992,0.2208,1.3874,117.22,0
-1.3658,0.0329,-0.901,-0.4962,-1.1943,-0.4032,-1.1241,0.7579,265.44,0
-0.691,0.9854,2.0424,-0.1213,0.0945,-1.0652,-0.7195,-1.0746,937.26,0
0.2067,0.4308,1.7781,0.4337,-0.6185,0.6765,-0.8318,0.9132,151.4,0
-0.3488,1.4415,-1.107,-1.703,-0.8678,0.3872,1.2836,-0.6605,397.05,0
-0.8255,-0.2599,-1.1443,0.7138,-0.3074,-1.4494,-0.559,0.1012,593.02,0
0.5697,-0.0367,1.0091,1.073,0.6486,-1.4546,-0.8415,-0.2749,871.12,0
0.3709,-0.8641,-0.5007,-0.5628,-0.1865,1.7947,1.9549,0.8366,193.71,0
0.4723,0.8902,0.0738,-0.2817,0.7667,0.2594,-0.17,-1.414,495.91,0
-1.1341,0.3136,-0.6853,0.7388,0.2935,1.2546,0.7181,-0.6935,116.55,0
-1.0165,-0.001,-0.4902,-0.3437,0.8014,1.4998,1.1905,-0.4049,127.46,0
1.4825,-0.944,-1.8736,0.5555,-0.6294,-1.0774,0.8852,-0.1448,13.94,0
-0.6172,-0.6854,-1.3227,0.8746,-0.0921,2.0998,0.6282,0.8299,445.6,0
1.0784,-0.4365,-0.0256,0.5618,-0.5986,0.5679,-2.0464,0.4397,360.91,0
1.2286,0.2953,0.0757,0.2601,0.7329,0.2408,-1.8095,1.0895,249.01,0
2.6568,-1.4093,-0.5847,-0.5057,2.0405,-1.3201,0.4259,0.2484,254.91,0
1.8836,-1.1609,0.6501,1.1579,-2.3655,0.4102,0.6034,-0.2673,192.49,0
-0.314,-0.4827,-1.3251,0.7767,1.2768,-0.0274,-0.3056,0.435,587.22,0
-0.7983,0.5998,-0.064,0.4889,-0.4539,-1.2091,1.7351,1.5466,212.99,0
-0.5488,0.349,1.8878,-0.3707,0.5338,0.0244,0.0241,-0.1652,197.18,0
0.4575,1.0584,1.4079,0.3318,1.7137,0.093,1.0774,0.4287,4.57,0
-1.226,-0.0675,1.7329,-0.8529,-0.1275,-1.3122,-1.4592,-0.7873,152.08,0
-0.8788,0.3497,0.3001,-0.8489,1.588,-0.2956,-0.9928,0.8529,389.56,0
-0.9854,1.1883,0.3546,-0.2349,0.6414,0.0089,0.383,-0.8168,347.2,0
-0.768,-0.7691,1.0105,-0.4198,-1.0947,-0.0431,0.118,-1.9727,332.35,0
0.6954,-0.1006,-0.329,-0.1091,-1.61,0.1922,-1.3644,-0.2858,294.05,0
-1.1531,0.6474,1.2183,1.399,-0.7707,0.6574,0.0752,1.8471,261.82,0
1.5006,0.6163,0.2995,-1.0219,0.4914,-1.2758,1.3052,0.4221,460.36,0
0.0083,2.4206,0.6027,-1.3494,2.0865,1.0987,0.3801,0.6466,198.09,0
0.0565,1.6012,0.4976,-0.1164,2.2557,1.1592,0.8167,0.3173,88.19,0
-1.0879,0.4035,-1.1123,0.7403,-0.663,-1.213,-0.5278,0.3367,14.6,0
0.6006,1.182,-0.4553,-0.6611,-1.6884,-2.019,-0.176,-0.1075,225.04,0
1.4005,-0.8112,1.3396,-0.1474,2.5013,0.3626,-1.2289,-0.1972,25.41,0
-0.594,0.0027,0.676,1.113,0.8952,0.075,2.4834,-0.365,72.45,0
0.0581,-0.9002,0.2677,0.2615,-0.1662,2.421,-0.1407,-0.2792,605.66,0
0.4545,-0.0932,-0.2796,0.7791,1.1325,-0.0682,2.0725,-0.1973,268.58,0
-0.5335,-1.075,0.3643,-0.217,0.7906,-1.0119,0.2109,2.4696,119.26,0
-0.5016,0.1376,1.9236,-0.3239,0.2917,1.9947,-0.55,1.8147,214.24,0
0.0974,-1.0941,-0.8303,1.4878,1.825,1.0095,1.3193,1.2166,322.3,0
-0.7349,0.0188,0.8047,0.6621,1.1008,-0.4875,0.0848,1.2484,98.02,0
0.2832,1.0442,0.5136,0.7504,-0.2666,0.603,-0.1484,-0.4415,131.56,0
0.7833,1.153,1.0517,-0.2706,-0.4256,1.7417,-0.1651,-1.3546,277.4,0
0.3702,-0.8214,-0.5103,0.4758,-0.5486,0.9734,-0.9862,-0.9895,507.46,0
-1.2589,0.0013,1.1987,-0.0254,-0.7917,-2.1482,0.9527,-0.7359,141.84,0
2.1332,-0.0619,-1.3444,-1.3447,0.7766,-0.0597,0.8768,-0.5336,161.33,0
-0.7536,-2.2462,0.0583,-0.2794,-0.5858,0.9116,-2.7335,1.5762,368.72,0
-1.2687,2.0095,0.4393,-0.0956,1.722,-1.3023,-0.1371,1.9997,255.42,0
1.8986,0.9785,1.5265,3.3354,1.248,1.8279,1.0762,3.1266,64.51,1
0.7491,-0.8909,1.3038,0.5294,-1.1319,-0.5291,-0.5465,0.1599,171.02,0
-0.8519,0.7827,1.9157,3.8092,0.7757,2.568,1.4749,5.1893,408.6,1
-1.1696,0.5015,-0.9922,-0.6586,-1.3653,-0.1565,1.0645,0.2267,376.39,0
0.8871,-1.1727,0.0632,1.3396,-1.2749,1.1555,1.6192,-0.2222,126.38,0
1.57,-0.1697,-1.3271,0.6637,0.7806,1.57,1.2813,1.9455,222.3,0
-0.0042,2.8988,1.2662,-0.5544,0.4245,0.7276,-1.3684,1.3696,16.84,0
-0.211,-0.4398,1.6092,0.5664,0.973,0.4349,-0.4444,0.6114,276.73,0
1.0431,-0.4439,-0.3043,1.3478,-1.3716,-0.4031,1.1284,-0.2111,344.96,0
0.76,-0.7659,-1.045,-0.7783,-0.5588,-0.1667,1.1145,-0.9665,662.82,0
0.7007,0.209,1.7096,-0.6825,0.1794,-1.6932,0.211,1.4694,113.21,0
-1.3219,-0.2346,0.1943,-0.0533,0.6107,2.2119,-1.7131,-0.5071,166.31,0
0.5623,0.9702,-0.1461,-1.3768,-1.3642,0.8598,-1.2606,0.392,112.54,0
-0.3714,-1.2425,-0.7052,1.2521,1.4875,-1.1481,-0.4583,-0.0762,216.08,0
1.1855,-0.7551,0.9443,-1.254,0.1276,-0.2425,0.0463,-0.989,239.51,0
1.1439,-0.441,0.635,-0.7052,0.8142,1.0373,1.0845,1.471,396.64,0
1.5183,-1.5298,-1.0377,0.4136,-0.5864,-1.5184,2.04,-1.0016,395.46,0
0.302,-1.0522,-0.7841,1.3608,-1.3108,2.1018,1.876,2.1347,275.81,0
-0.272,-0.0055,-2.4794,-0.196,1.0913,0.8968,-0.0865,1.6991,573.05,0
1.5079,1.127,-0.1186,-0.198,-2.8503,-0.3265,-1.3533,0.2212,128.03,0
-0.0223,0.3175,-0.395,-1.6671,-0.1396,0.3347,0.6762,-0.198,63.47,0
-0.0263,-0.9392,-1.2994,0.8063,-0.7569,-1.7549,0.8566,0.459,14.41,0
-1.1016,0.7673,-0.5725,-1.1847,-0.1856,1.4005,0.181,1.4965,88.25,0
0.024,0.059,-0.361,-0.5024,-0.9196,-1.5566,-0.7024,0.9041,205.09,0
-0.3736,0.5605,-0.3624,1.2366,-0.0469,1.3572,1.1519,1.0513,64.01,0
-1.0099,0.1434,-1.2351,-0.7186,0.1931,-0.4926,-1.3055,-1.3279,221.95,0
-1.4044,-0.7902,-1.0289,1.1071,1.6541,-2.169,1.5648,0.0867,223.19,0
1.5812,-0.9639,2.0974,-0.0065,-1.9587,-1.5609,0.7699,0.1296,226.15,0
-0.3605,1.848,-0.656,0.7908,1.1987,-0.0127,0.1205,-1.7163,410.67,0
1.1668,0.1861,-1.4942,-0.1147,0.1944,-1.1446,-0.3601,-1.4094,76.22,0
-0.2774,0.0342,0.6962,1.0824,-0.3101,-1.0442,0.0761,0.4706,667.56,0
1.7453,0.5679,1.1262,-1.2091,-0.1268,1.2207,-0.8877,0.9652,308.93,0
0.055,2.5911,-0.9404,-0.6061,-0.9428,1.5627,0.8021,-0.5442,256.3,0
0.6129,1.8014,0.4997,-0.404,-0.4911,-0.2502,-0.5107,1.3471,79.28,0
0.1617,1.264,1.9053,-1.6835,-0.0353,-0.0432,-0.4293,0.9811,206.18,0
-0.3454,-0.9502,2.1879,-0.5034,-0.5008,-0.3707,0.0956,-0.3284,115.65,0
-1.2427,-0.3902,1.3755,0.5273,0.1299,-0.9243,-1.1063,0.2767,119.02,0
-1.4951,-1.0391,0.5421,-1.7546,-1.4493,0.5368,-0.2225,-0.6958,28.14,0
-2.3313,0.418,0.4874,-0.2352,-2.264,-0.061,-0.7106,1.678,21.38,0
-1.6069,0.9881,-0.8187,2.0433,1.3373,1.5876,0.8844,-0.9216,326.6,0
-0.2558,-0.3909,-0.129,-0.9787,-0.175,-1.1174,1.025,0.5437,277.07,0
-1.445,-0.9337,1.3773,0.4871,-0.6134,-0.1359,-0.2577,0.8001,60.16,0
-1.1559,-1.1805,-0.1093,1.057,0.4404,0.5091,-0.1299,-0.3356,134.4,0
-0.6209,-0.9378,0.1715,-0.8968,0.8006,0.5922,-0.7651,0.2138,29.72,0
0.198,0.0483,-0.3979,-0.5347,1.53,-0.0707,2.4379,0.5283,361.7,0
-0.0095,0.6661,1.022,-0.0607,0.7612,-0.6625,0.2455,1.0022,360.4,0
0.8484,1.8222,2.797,0.4751,-1.3644,0.4347,1.596,-0.1871,744.14,0
-0.3058,-0.3286,-0.7512,0.2701,0.3912,-0.9963,-1.6583,0.311,428.22,0
0.2251,-0.0533,0.864,0.6067,-2.9858,0.5452,-1.0035,-1.4217,459.16,0
0.7732,1.3262,-1.9104,-1.5535,1.0029,1.5698,-2.1292,0.8154,307.84,0
-0.3126,0.7659,2.3557,0.8626,-0.6448,0.237,0.4808,1.4338,199.68,0
-2.0086,0.4401,-1.2945,0.3282,-1.5353,-0.7197,-0.4336,1.2017,145.96,0
0.0725,2.1056,-0.352,-0.455,1.1073,1.1737,-0.8479,-0.2615,154.36,0
-0.3633,0.7341,-1.1383,0.4234,0.377,-1.4543,0.087,-0.6174,327.02,0
-0.5424,1.0748,-0.1328,-0.6945,0.9261,2.1427,0.2097,1.2338,309.21,0
-1.0457,-0.749,0.0132,0.2831,-0.625,0.077,0.6079,1.9615,18.9,0
-1.2446,0.4649,-0.3697,-0.5588,-1.1032,0.9476,0.4562,0.5012,277.8,0
-0.2321,3.1262,0.0165,-0.742,-1.0085,1.7721,0.8478,1.4074,88.18,0
-1.0589,0.3122,0.9578,0.2382,-0.5418,-0.1485,-0.0045,0.2173,69.08,0
-0.755,-0.1693,0.8311,0.5405,-0.2554,0.8377,0.1399,-0.573,352.53,0
-0.3098,0.0602,-1.2408,-1.3878,0.1823,-0.7578,-1.4525,0.9653,249.16,0
-0.8209,1.1864,-2.2025,-0.2351,1.454,0.7132,-0.3373,-1.943,50.42,0
-0.8947,-0.9565,-0.3165,0.4195,1.8489,-1.4311,-0.4848,-0.896,15.7,0
-0.3306,0.5002,-1.7814,-0.926,-1.9057,1.0212,-0.1602,0.5713,172.43,0
0.2937,-0.1886,1.9837,-0.7338,0.746,-0.0839,0.4547,1.2334,430.62,0
0.378,-0.0388,1.8422,0.7884,-0.5955,0.7291,0.3079,1.3094,107.33,0
-0.3555,-0.5687,2.9591,-0.6626,-2.0687,-1.5999,0.7593,1.3365,259.53,0
-0.4162,0.3409,-2.529,0.8236,1.1843,-1.052,-0.5119,0.4515,123.56,0
-0.7851,-0.0906,-0.2205,1.0551,-0.6116,-0.5752,-0.846,-1.1375,446.59,0
-0.4258,0.2275,-0.125,0.8914,0.2202,-0.8837,0.322,0.3547,263.15,0
1.2973,3.2335,1.2199,-0.5653,0.6298,0.6733,-0.9252,-1.2608,33.45,0
-0.9477,-0.4474,1.2491,0.0428,-1.5616,0.544,-0.3965,1.5399,91.98,0
0.3103,0.3941,1.0072,1.4992,0.201,0.6173,0.3712,-0.3429,106.16,0
-0.6035,-1.8568,0.2908,1.5413,-1.0293,1.0217,-0.0594,-1.7654,719.89,0
-0.6822,-0.1597,-0.1955,1.8364,0.2322,-1.6136,0.4182,0.5457,140.42,0
0.5879,1.1492,1.5597,-0.7728,1.499,-1.4655,0.7461,-0.4933,179.93,0
0.2305,-0.7265,-1.838,-0.8011,-0.7488,-0.7731,0.9701,-1.2136,513.34,0
0.2756,0.7901,-0.3262,-0.9247,0.9188,-0.5534,0.1865,-1.5499,234.28,0
-1.886,0.4766,0.5976,0.5926,-0.9092,1.006,0.7068,0.0073,106.75,0
0.7814,-0.9624,-1.5943,-0.6011,0.7595,-0.342,-0.2311,0.9108,29.45,0
-2.102,0.6374,-0.6962,1.8822,0.2528,-0.7938,-0.2665,-0.7139,159.92,0
0.7253,-0.6397,-0.9034,-0.5903,-0.101,-0.0972,-0.21,-1.0286,155.96,0
1.351,-0.3745,0.4162,0.0277,1.2963,-1.5847,0.736,-0.1989,300.14,0
0.7072,0.1835,-2.5892,0.382,-0.2897,1.4167,0.3952,0.7562,440.75,0
0.0053,1.7819,0.7502,0.3071,-0.0656,-0.624,0.0758,0.8974,211.57,0
-0.3055,0.9426,1.3578,-1.035,-0.3525,0.9151,-0.1295,-0.4934,90.12,0
-1.4412,0.177,1.1629,0.8421,-0.1267,-1.8404,0.7157,0.1464,74.22,0
0.7619,-0.6998,-0.4244,1.0181,0.1448,0.3381,-1.636,0.656,26.92,0
0.2833,-0.0965,-2.1327,-0.3837,1.1692,-0.4513,-0.1655,1.043,152.71,0
0.0239,-0.2979,-0.03,0.8938,-0.6629,-0.1262,0.0103,0.8646,103.48,0
-1.8904,0.5077,0.9653,2.5284,-0.3912,-0.5387,-1.1094,0.2086,177.68,0
0.1344,-0.0449,0.7891,0.4971,0.6102,-1.542,-0.6263,0.9489,283.2,0
0.3908,0.812,0.5189,-0.139,0.8333,1.1119,-0.5542,-0.0018,139.52,0
-0.2655,1.099,1.2389,2.272,-0.0368,0.4881,-0.7118,-2.507,336.22,0
1.3022,-0.0794,1.8552,-0.4324,0.4264,1.022,1.1952,1.3119,531.88,0
4.1219,3.356,0.3662,1.4507,1.7601,1.7759,2.2953,1.3527,55.81,1
0.1563,1.074,-0.8196,1.4516,0.9469,-0.4294,-1.1087,-1.4438,387.7,0
1.0902,0.1154,-1.7473,0.4434,-0.9788,-1.2707,-1.7277,1.1904,139.31,0
0.0315,0.5551,-1.1869,0.01,1.3817,2.0775,1.2801,-1.1771,180.02,0
-0.5229,0.726,1.9057,5.0765,2.8608,1.1729,1.8368,2.9956,82.12,1
0.0802,0.2296,-0.0568,-1.1211,0.5132,-0.1861,-1.2003,0.5743,114.8,0
0.5744,-0.1536,0.528,0.314,0.0583,0.1378,0.4519,-0.2942,40.41,0
0.4139,-0.6096,-0.8078,-0.3539,-0.4922,-1.4581,-0.6515,0.2662,673.07,0
-1.2692,-1.35,0.5275,-1.7777,1.4122,0.1597,-0.0438,-1.0348,205.95,0
2.1922,-0.0822,-0.2275,-2.1592,0.3263,-1.0834,0.4083,-1.1616,150.86,0
0.9908,-1.6052,-0.2458,-1.5988,-1.0563,1.2977,1.0445,1.1513,311.85,0
1.0657,0.6551,1.0703,0.0554,1.6629,1.2832,-0.8522,0.3216,241.67,0
0.4894,0.1711,-1.168,0.0162,0.6869,0.503,-0.6799,-0.0571,157.97,0
-0.4127,0.4498,-0.7663,0.5277,0.8708,-0.588,-0.0547,-0.8953,765.79,0
-0.7521,0.9847,0.9638,-0.925,-0.8081,0.5344,0.9798,-2.0126,248.38,0
-0.7481,0.8347,-0.0122,-0.535,0.0555,0.0224,0.6219,-1.6117,287.99,0
-0.2088,0.3455,1.2186,0.905,0.531,-0.3279,-0.1588,1.1377,194.61,0
-0.2089,-0.3274,-0.9308,-0.6101,1.4089,-1.1398,0.7208,0.0471,456.47,0
1.0664,-1.0442,-0.3007,-0.2251,-1.1565,-1.8668,-0.6706,-0.3564,598.6,0
-0.4108,0.9278,-0.5432,-0.3951,-1.5043,-0.0287,0.3453,-1.9755,240.98,0
-0.2195,2.3121,-0.2812,-0.8597,-0.8985,1.14,0.9973,-0.4855,430.24,0
1.0431,-0.8396,0.3724,-2.4896,-0.9503,-0.0061,-0.3634,-1.3006,570.17,0
-0.3911,-0.6531,1.0249,0.1154,-0.1636,0.115,0.3378,-0.0567,250.58,0
0.8133,1.0128,0.2668,-0.8145,0.1953,1.2071,0.5299,0.7482,425.59,0
1.7297,-0.6116,0.7641,0.4891,-1.0686,0.2138,0.0074,-0.8532,170.26,0
0.9347,0.3931,0.4611,0.3203,-0.1882,-0.7162,0.2888,-0.3331,265.62,0
-0.3257,-0.8897,-0.9229,-1.6619,1.1812,0.4625,0.0825,0.2956,164.21,0
-0.4027,1.4672,-1.2787,-1.4541,-1.5393,-1.6522,0.3365,-0.9778,102.11,0
0.7603,0.7674,0.2149,1.0342,1.2717,0.2831,-0.1146,0.8946,435.56,0
-1.2428,-0.7271,-1.546,0.7366,0.8061,-0.0404,0.4415,0.8762,7.5,0
-1.4661,1.6343,0.9661,-0.1525,-1.1917,1.054,0.4764,-1.4578,52.23,0
-0.7258,-0.5478,-0.1925,-0.091,-0.8307,-2.0231,-0.5609,0.3598,44.47,0
0.3336,1.2363,1.2158,-0.451,0.194,-1.8641,0.0991,-0.794,455.62,0
0.5211,0.6608,-0.161,-1.1227,-0.6386,0.585,0.1364,-0.5498,295.42,0
-0.0058,-1.3299,0.7278,-0.053,1.1617,-0.7077,-1.6023,-0.034,379.73,0
-0.6998,-2.5609,-1.0086,1.6022,0.3686,-0.3765,0.3985,-1.9534,118.39,0
-0.3822,-1.0594,0.3517,1.7561,0.0694,0.4523,-0.2349,-0.5035,64.21,0
-0.4605,2.0038,1.9994,-1.7532,1.4671,-0.2839,-0.568,0.5246,29.07,0
0.6423,1.5414,-0.3681,1.3351,-1.0442,-1.0809,0.7527,-1.5047,26.16,0
-1.0235,0.2093,-0.0554,-0.7608,-0.2934,-1.5717,0.1096,-1.3647,267.95,0
0.7375,0.2957,-0.2958,-0.4934,-0.9168,-0.5569,-1.2951,1.3579,275.2,0
1.7382,0.6862,0.3187,1.4505,0.7702,-0.0479,-0.9766,-0.4933,442.43,0
0.4628,0.1996,0.8165,-0.6563,-1.0946,-0.5223,-0.5913,-2.0513,436.18,0
-0.3659,0.0488,1.1812,-2.2787,0.5894,-0.3339,-0.9123,0.3365,68.46,0
0.6236,-0.6284,-2.4999,-1.0817,-0.061,0.0639,1.6837,0.5827,972.63,0
-1.108,-0.4131,0.0336,0.2308,-0.7892,0.9014,-0.6214,-0.8697,584.99,0
-2.5337,-1.6845,1.5549,-1.0292,-0.3708,0.6553,1.4823,-0.1996,77.44,0
1.83,2.286,0.0504,0.4579,0.8174,1.2751,0.3131,0.9261,157.98,0
0.649,-1.0843,-0.2927,-0.1287,-0.9525,-0.9699,1.5068,-0.9774,475.74,0
0.3355,-1.544,0.7235,0.1695,0.3812,0.9991,0.4303,-1.4728,128.18,0
-1.2083,-0.605,1.2505,-0.6123,0.7183,1.5173,-0.0276,0.9938,622.11,0
0.1168,0.1706,1.3104,-0.5992,-0.2783,-1.5374,-1.1839,-0.5178,954.39,0
0.5113,1.0359,-0.616,0.6679,-1.7248,-0.12,-0.2747,1.4478,83.62,0
-1.5834,0.2149,1.3789,0.5833,-1.0674,1.0975,-0.3095,-2.092,220.46,0
-0.2928,-1.1696,0.3016,-0.2186,0.9022,-0.7154,0.6161,1.6408,301.59,0
0.812,-0.4998,-1.0689,1.1506,0.3993,1.0079,0.7593,2.1799,713.91,0
-0.8248,0.8047,2.2415,-0.2176,0.5504,-0.4318,0.0854,-1.5072,174.89,0
0.366,2.0208,-0.2786,0.0193,-0.9032,0.8885,-0.5606,1.0227,916.65,0
0.1243,-0.2175,0.085,0.8742,-0.7016,-0.5308,0.6567,-1.5164,24.88,0
-0.2668,-0.1676,0.5093,-0.2373,0.4002,0.2806,0.1226,2.7665,231.05,0
1.4167,1.9144,0.1148,-0.2682,-0.5998,0.0017,-0.5502,-0.097,25.42,0
0.156,0.6574,1.184,-0.4041,1.0118,1.3303,1.784,0.5019,122.88,0
-1.7716,-1.6484,0.4264,-0.2223,-0.2584,-1.3159,-0.6558,0.3765,245.78,0
1.1665,-1.4782,-0.433,0.711,0.3432,-0.8612,0.9341,-0.5313,375.72,0
0.6678,2.532,1.6608,-0.0796,1.0822,3.7911,1.5746,2.9776,162.49,1
-1.2115,-0.405,-0.6381,-0.986,0.0354,-2.568,-0.3155,-0.0903,319.19,0
0.551,2.0877,-0.7479,-1.6194,-1.0506,-0.7037,-0.9743,0.0937,564.85,0
0.4245,0.898,0.8702,-1.2803,0.6985,-1.0196,-0.1715,1.1397,324.18,0
-0.8493,-0.105,-0.1262,0.4293,1.1017,0.3439,-0.8109,-2.1812,546.38,0
1.6227,-0.6958,0.1931,-0.3543,0.588,-0.7816,1.9274,-1.6906,61.7,0
0.5424,0.2613,0.356,-0.2069,-0.7016,-0.3351,-1.6831,0.8419,238.26,0
1.0547,-0.6281,-0.4508,0.5044,0.5312,-0.6339,-1.6168,2.1137,548.77,0
-0.4996,2.1046,-0.7343,0.3424,1.0638,1.0157,-1.3316,-0.7134,85.8,0
-0.4047,0.0716,-0.6276,-0.5738,0.4119,0.1853,2.1316,0.4388,236.03,0
-0.2643,1.0758,-0.4469,-0.0475,1.4552,0.4579,-0.7601,0.1589,263.17,0
0.2225,1.9962,0.1907,0.0838,3.2606,1.5847,1.7221,2.3612,352.22,1
1.8299,-0.1079,2.1103,-0.3858,1.4918,-1.6257,-0.2865,-0.5361,2.95,0
-1.0273,0.4389,-1.0348,-0.5332,-0.3738,2.9813,-0.0144,-0.8215,44.77,0
0.7615,-1.1358,0.2042,0.6995,-1.7823,0.6849,-1.6741,-0.1176,8.72,0
0.1431,-0.589,0.8331,0.0388,0.839,-0.9755,0.9995,0.501,337.5,0
-0.6983,-0.3864,-0.5054,0.6895,0.5444,-2.6217,0.2542,-1.7446,54.95,0
0.7532,0.6508,-1.1797,-0.0838,0.3408,0.1632,-1.7105,0.1312,149.8,0
-1.3751,0.5475,1.6169,1.6192,0.7379,0.7088,2.2519,-2.3344,26.89,0
0.2147,0.2685,0.6672,2.0012,-0.7771,-0.5784,1.6088,0.9391,439.45,0
-0.2946,-0.6903,0.8888,-1.4181,-0.9935,-0.3288,1.6138,1.0543,461.77,0
2.2181,1.3747,0.3544,-0.8559,-0.2249,-0.6924,0.0976,0.3099,27.5,0
0.5618,1.7503,-0.0406,-0.5503,0.6571,1.0306,-0.7144,-1.9976,975.18,0
-0.4758,-0.4082,-0.5932,-0.9183,0.4016,1.6966,0.9333,-0.3224,109.94,0
0.3554,-1.2381,-1.1341,0.9002,-0.2777,-0.2975,-0.1691,0.7259,422.16,0
-0.143,-1.6176,0.6491,1.398,-1.2415,-0.6715,-0.8824,-0.4539,165.3,0
1.2545,0.8814,-0.9672,1.1645,-0.1451,-0.6105,-0.2936,-0.7833,351.91,0
2.4791,-1.1736,1.5899,1.3913,-0.4117,-0.3951,-0.9213,-0.9098,328.5,0
0.5946,0.7804,-0.5623,0.4193,-0.0062,-1.2169,-0.9897,-0.6524,183.52,0
0.5626,0.8015,0.3226,-0.1272,-0.2514,1.1314,0.2404,-0.8722,80.82,0
-0.2007,0.116,0.0381,-0.7068,0.0543,0.7352,1.0346,0.7907,680.32,0
0.2411,-0.0221,-1.1298,1.2951,-0.5724,0.9196,1.1596,0.6033,124.29,0
0.3696,0.8288,-2.0897,-1.2343,-0.3644,1.0796,1.8805,-0.1642,240.56,0
0.5726,0.5919,0.8752,-1.5536,0.0579,-0.2685,-0.0872,-0.2118,220.65,0
-0.8943,-2.2099,0.5647,-1.2122,0.1326,0.371,0.6024,-1.204,107.32,0
1.6967,-1.0229,-0.485,-1.033,-1.2299,0.6671,-0.1966,0.0524,399.34,0
2.8258,-0.4953,-0.4945,0.969,1.8143,1.1264,-1.2012,0.2139,368.59,0
-0.4741,0.1273,0.7565,-2.0677,-0.5221,0.3645,-2.897,-0.9768,123.48,0
-1.3089,-0.0451,-0.1707,0.3797,1.2392,-1.3295,0.5698,1.0315,451.15,0
0.0111,-2.386,-0.1906,-0.753,0.9181,0.995,0.5767,0.3955,189.53,0
0.1516,-0.2787,0.181,-1.6523,0.6547,-0.2987,0.2171,-1.8701,139.34,0
-0.2891,0.1774,-0.9151,0.0676,-1.7269,-0.5295,-0.1153,0.9496,231.76,0
-0.7165,-0.2715,0.133,-0.068,0.2717,0.0687,-1.3907,-2.1509,176.26,0
-0.2629,-1.0744,0.7478,-0.2188,-0.6358,-0.3253,0.3551,0.0732,587.43,0
0.4792,0.1502,-0.3019,-2.0377,-0.4582,-0.7615,0.2473,0.6197,7.38,0
0.4719,-2.2923,-0.9826,1.3841,-1.2559,0.8825,0.7065,-0.7258,11.23,0
-0.9243,-0.4268,-2.4313,-0.2333,-0.508,0.79,0.423,-0.7076,507.69,0
-1.0398,-1.8701,-0.152,-1.2634,-0.0117,1.115,1.8543,0.0935,194.2,0
1.579,0.4387,0.9359,-2.1641,-0.0856,0.4106,0.2236,0.9612,49.06,0
-0.2065,-0.9926,0.5238,-0.286,-1.3094,-1.035,-1.2924,-0.5246,244.15,0
-0.3464,-1.3189,-0.7302,0.0134,-0.5288,1.1442,0.2269,-0.4629,307.8,0
-0.5253,-0.9969,0.0415,0.3431,-0.4686,1.3717,0.0577,-0.8715,84.5,0
-0.7769,0.3059,0.4287,-0.3131,-1.132,1.251,1.0386,-1.9874,396.7,0
1.1008,0.3851,-1.6673,-0.7921,-0.2113,-0.0872,0.3577,-0.807,261.17,0
-1.3827,0.6216,-0.0042,-0.4797,-0.387,-0.5972,1.6504,-0.7355,198.54,0
0.2978,1.5024,0.2051,-1.6331,0.2032,2.044,-1.2874,0.0297,360.08,0
0.8493,-0.4435,-0.3762,-1.4531,1.6222,-0.5211,1.575,-0.4312,306.54,0
0.0301,-0.1751,1.133,1.1718,1.1132,0.0266,-0.8724,1.9252,552.31,0
0.535,-0.5153,0.3289,0.9711,-0.0856,2.6264,-0.5174,1.0025,82.02,0
-0.6811,0.1985,-2.6187,-0.0326,1.093,0.6022,0.2986,0.6492,244.21,0
0.5655,-0.5885,-0.2722,-1.078,-0.4783,-0.1044,-1.6604,0.5768,505.73,0
0.2352,0.0831,-0.6527,0.8205,-1.0446,-0.6898,0.7805,0.9288,2.8,0
0.1698,0.1078,0.2272,-1.4432,-0.0966,1.4083,1.0867,-0.1252,472.41,0
0.9651,-0.1673,-0.2207,1.0602,-0.9148,-2.2352,-0.8529,0.2421,245.11,0
0.6007,-0.8961,1.8113,-0.3517,-0.269,1.4373,0.6589,2.2011,237.19,0
-1.4705,1.5263,-1.2492,0.4389,-0.8803,1.1267,1.2629,0.5292,122.38,0
-2.7379,0.0853,1.0407,0.3887,-0.4123,-0.0611,0.1783,0.7696,949.22,0
-0.3129,0.723,0.7409,-0.7276,0.5333,-0.1852,1.3611,-0.13,473.38,0
-0.0056,1.3458,0.4695,-0.0344,0.8524,0.0275,0.4016,0.1511,454.17,0
0.2821,0.5526,1.1917,-1.1872,-1.312,1.2564,0.274,-0.2265,728.34,0
1.1321,-0.3622,-0.051,-0.0599,0.7825,1.5536,0.3681,1.9749,205.13,0
-0.0116,0.0464,1.6414,2.4679,2.5337,1.3282,2.769,3.647,90.15,1
0.1221,-0.2316,-0.809,0.1219,0.2091,-0.7099,-0.5188,0.2166,55.94,0
-0.2331,0.6316,1.1399,-0.1646,-1.3372,1.4256,0.8287,0.5638,218.34,0
-1.1364,0.3046,0.4043,-0.865,1.3436,1.9249,-0.6279,1.4873,711.04,0
-0.7718,-0.2737,-1.7698,-0.8992,-1.5022,-0.4343,-0.3946,0.09,120.7,0
0.2781,0.439,0.6007,-2.527,3.1578,1.1325,-0.1979,-0.7185,188.04,0
1.6225,-0.2928,-0.4555,-2.8295,0.6344,0.101,0.0999,-0.4028,73.24,0
0.6936,-0.7411,0.964,-1.3476,0.3066,-0.0909,0.8273,-1.3744,339.27,0
-0.0439,1.2938,1.395,-0.9425,0.1677,-0.5706,-0.2933,0.6174,75.05,0
-1.1159,2.1502,-0.22,0.5969,-0.3347,-0.3548,-0.4554,-1.5498,340.11,0
0.399,-0.3265,-0.6675,1.2445,-0.32,1.4191,-0.3251,-0.0163,652.13,0
0.591,-0.1259,0.381,1.1092,-0.204,0.2841,1.2498,-0.1332,42.79,0
-0.7982,0.3022,0.5626,-1.2089,-0.5637,0.349,0.7024,-0.5388,498.81,0
-1.4891,-2.0565,0.9183,-0.7403,2.1349,1.9718,-0.5065,2.3391,58.05,0
0.2711,0.393,0.6106,-0.0931,-1.0203,1.8052,0.9275,1.6128,388.62,0
1.7584,-0.5781,-0.1783,0.72,-1.2377,0.7113,0.5833,1.2693,172.82,0
-0.0381,1.5672,-0.7568,0.7991,0.3164,-0.8575,-1.0766,-1.7013,154.16,0
1.1033,1.4252,0.4475,-0.3161,-2.3135,0.9782,0.5152,0.1527,83.47,0
-0.3278,0.4347,0.0269,-1.2599,-1.6357,0.2629,1.3831,0.0793,33.95,0
-0.0329,-0.0365,0.1819,-0.5945,-0.4281,-0.3552,-0.3233,-0.3108,11.9,0
0.0066,-0.0509,-1.3029,0.9075,-1.2884,-1.4428,1.1597,1.7896,257.87,0
-1.5638,-0.3714,-0.0851,-0.8753,0.6507,-0.0655,0.5769,-0.1829,99.72,0
-1.163,-0.2896,0.0803,-0.2384,-0.5526,-0.3044,0.4833,-1.3296,280.12,0
-0.6982,0.7364,0.77,-0.397,-1.164,0.536,0.0635,-1.5166,404.71,0
-0.1417,-0.3658,0.8446,0.2852,-0.647,0.0377,0.3832,1.7182,441.33,0
0.2554,-0.2707,0.2417,0.4169,0.2569,-1.2015,-0.2533,0.4098,180.96,0
-1.0002,1.1458,2.0359,-0.2024,-0.0992,0.238,-1.111,-0.6907,94.99,0
0.3082,-0.457,0.1472,-0.3391,2.5216,-0.5327,0.4831,-1.5009,6.9,0
-1.1691,0.671,1.0569,-0.7215,-0.3735,0.1416,-1.4815,-0.4551,110.54,0
-0.2438,-0.7926,-1.3759,1.1326,0.7986,1.3525,0.3968,-2.6421,197.05,0
0.8682,-0.8476,2.1081,1.9689,0.801,0.0387,0.0559,-0.3238,258.92,0
2.1675,0.3124,0.4544,-0.2051,0.4658,-1.5142,-0.8409,0.1052,251.92,0
1.8133,0.0294,-0.6757,-1.4903,1.8656,-0.5519,2.0618,0.3989,586.16,0
2.7912,1.1399,2.0464,2.0361,-0.6855,0.8683,0.8443,1.0194,138.11,1
-2.1832,1.0229,0.3503,0.3102,0.3035,-2.0602,-0.9852,-0.4517,270.74,0
0.6561,-0.8353,0.7869,-0.5054,-0.5807,0.7067,-0.836,-0.8868,362.75,0
0.9119,-0.9685,2.0363,-0.4329,0.0295,0.8974,-1.97,-0.237,610.74,0
-0.1387,0.2312,-0.4198,0.0961,1.5308,1.0489,1.0557,-1.3419,272.9,0
-2.071,-0.0902,1.1473,-0.8432,-1.3903,-0.1393,-0.3383,-0.5952,181.94,0
-0.0547,-0.4337,1.0978,-0.8027,2.2857,-0.1766,0.1498,1.5429,254.7,0
-0.976,0.312,2.1329,1.5357,-0.5127,-0.712,0.1002,-0.1655,168.08,0
-0.5369,-1.0519,-0.2339,1.1012,-0.5207,-0.8705,0.1555,0.499,249.96,0
1.2818,-0.6165,-1.8671,0.438,0.4188,0.7679,1.1157,-0.919,8.22,0
0.4812,0.3853,3.271,2.5867,2.4294,2.0364,0.9002,1.4715,436.56,1
0.1232,-0.1824,1.2712,0.0055,-1.2547,-0.2581,-2.0911,-1.2109,37.46,0
1.3684,1.2005,0.3533,-0.0906,1.7356,0.0154,0.9404,1.9583,150.99,0
-1.9967,-0.6171,1.1973,-1.1861,0.7032,2.8488,1.4535,0.1335,387.25,0
0.1591,-0.1314,-0.0725,-0.8547,0.2797,0.195,-0.44,0.6658,48.68,0
-0.8978,0.8645,-0.8895,0.2707,-1.1471,2.599,0.5036,-0.1455,500.25,0
1.0837,-0.9574,0.0241,-1.3816,-0.1812,0.8369,-0.435,-0.249,17.21,0
-0.6253,-1.1205,0.6067,-0.168,0.8152,-0.4435,-0.4057,1.8734,293.56,0
1.232,1.3276,0.2856,0.0316,-0.4488,-1.8075,-1.3449,-0.1681,205.45,0
-0.6776,1.3892,-0.3811,-0.1033,0.1405,2.2181,0.0089,1.0939,75.32,0
-0.7341,-0.2957,2.164,-0.3066,-0.4406,0.5856,-1.7853,1.2508,584.48,0
-1.3786,-0.2826,2.1323,0.4081,-0.3677,-0.1569,0.4294,1.6958,442.38,0
0.1882,-1.008,0.887,0.8619,-0.1796,1.6635,1.5229,0.1496,261.27,0
0.4124,-0.4431,0.6525,1.0654,1.1018,-1.1182,1.3859,1.4661,67.83,0
-1.2724,0.3071,-0.4625,0.185,0.1551,0.3868,0.4995,-0.3439,106.58,0
-0.1135,1.2283,0.5997,-0.7151,0.705,-2.2437,-0.7529,-0.8239,228.15,0
0.4412,-0.4205,0.9021,0.019,-0.9701,0.3516,0.237,0.9604,103.22,0
0.4145,-1.607,-0.1034,-1.1773,-0.0369,-2.3153,-1.5408,1.189,365.47,0
-0.7623,1.1008,0.5497,0.9745,-0.0919,-0.187,0.9357,0.9547,95.49,0
0.5866,0.2008,1.1947,1.8867,0.6773,0.4496,0.7403,0.4666,34.85,0
-0.8576,0.4592,-1.0792,-0.161,0.4467,-2.4045,-0.5343,0.4293,541.87,0
0.6534,0.9356,0.2745,2.3959,-1.7247,-0.818,-0.256,2.2612,79.74,0
0.6416,1.6144,-0.2025,-0.3936,-0.5225,1.4698,0.6903,-1.899,285.54,0
0.8458,0.5894,0.8939,1.5844,1.331,2.3248,1.2173,-0.6694,282.58,0
-0.6291,0.042,-0.1295,-0.1537,-0.4126,-1.3049,0.0748,-0.8027,504.77,0
-1.1746,1.0011,1.1347,-1.4768,0.7124,-0.2713,-0.0604,-0.325,55.09,0
-0.4595,-1.2718,1.8292,0.7373,-0.022,-1.6198,-0.9312,0.6313,178.12,0
0.8379,-0.0421,-1.0462,-1.6849,0.8318,-0.5468,0.3304,1.2397,0.26,0
-1.0203,-0.2407,0.734,0.1856,-0.5311,-0.5713,0.6358,-2.3967,232.9,0
-1.0496,0.6761,0.4543,1.5099,0.5691,1.0586,0.4771,0.9799,252.09,0
-0.422,-0.4292,-1.0102,-1.1538,0.0606,0.3066,-1.4282,0.7599,59.4,0
0.2807,1.6586,-1.6333,1.2412,-0.4762,1.0952,0.1204,-1.2429,129.91,0
2.1977,0.0804,1.1689,2.4191,0.4021,-0.0481,0.9025,1.1842,592.84,0
1.8971,-2.3305,-1.8733,0.3827,-0.265,-1.437,-1.0546,-0.9244,510.81,0
0.1558,1.6047,0.7594,2.6975,1.766,1.5052,4.0986,2.2983,121.84,1
0.906,-0.4208,0.5762,-1.3562,-0.6726,0.1049,0.4522,-0.0975,451.97,0
-0.2864,0.8305,0.7102,0.5417,-0.0243,-0.3995,-1.0654,-1.1316,306.06,0
2.2895,-0.9433,-1.409,1.6883,1.3213,-0.1823,0.3813,0.4066,451.93,0
-0.3114,-1.9806,0.8802,2.1927,0.4804,0.5413,-0.1826,1.1578,49.24,0
0.2255,-0.1832,0.4812,0.3902,1.3258,-1.8887,-0.2345,0.3392,291.74,0
0.6784,0.6403,-0.8061,0.8489,-0.1604,-1.41,0.4552,0.217,348.81,0
0.1335,1.6942,-1.225,0.1847,-0.3937,0.1395,1.2224,0.3788,159.06,0
-1.0798,-1.2111,-0.9294,-1.1157,-0.5545,-0.5973,0.6891,-0.9895,19.91,0
0.0136,-0.9205,-0.4582,1.9285,0.6644,1.0485,-1.0416,-0.6888,342.81,0
1.0294,0.3017,-0.5357,0.1337,0.7294,1.1934,-0.1323,-1.6475,212.44,0
-0.775,0.8644,-1.1884,2.2456,2.2379,1.6327,1.2755,-0.0845,311.68,0
1.2486,-0.5393,-0.2921,-1.5915,-0.7136,0.5161,0.3206,0.5995,186.72,0
0.9153,0.2743,-0.6054,0.1414,-0.1393,0.7801,-0.3605,0.2271,413.28,0
-0.6121,-0.6335,-1.4583,-0.5695,0.6493,-0.0039,0.5045,-0.4961,118.61,0
-0.1306,-2.1193,-0.3191,0.2322,0.2317,2.4659,0.281,0.6301,445.46,0
-0.2137,-0.5346,-0.0161,1.778,1.2472,-0.1588,-1.2083,1.3374,410.48,0
4.2819,0.6503,-0.1138,2.1706,1.7118,3.732,1.3053,1.3191,325.89,1
0.0785,-0.4056,-0.4596,-1.213,0.5566,-0.82,1.0981,-1.2929,86.66,0
-0.4915,1.535,-0.2042,-0.3596,-0.1751,0.4545,-1.0339,0.4272,332.87,0
-1.3745,-0.9425,1.1701,-0.8046,0.9757,-0.4303,0.1414,-1.3861,453.24,0
0.1337,-0.5286,-0.359,0.2784,-0.6675,-0.106,-0.6455,-1.2056,302.02,0
-0.3339,-0.1757,-1.4546,-0.6067,-0.401,-0.3933,0.1519,-0.6616,180.78,0
-0.5245,0.1887,-0.0991,0.0585,-0.8852,0.5759,0.418,1.2852,333.55,0
0.9873,0.4954,0.0921,0.4583,-0.1127,0.4019,0.7264,0.3433,37.71,0
-1.2453,-0.9233,1.547,0.2904,-0.5806,-0.1263,1.0862,0.9343,574.2,0
-0.3031,1.5487,-0.9786,0.0518,0.463,-0.8628,-0.6359,-0.7137,384.55,0
0.6798,-0.488,0.8255,-1.7928,-1.0425,-2.0644,-0.8974,1.5081,130.32,0
-0.5581,0.9853,1.0262,-1.6469,-0.8182,-0.464,0.5991,1.1431,1.79,0
-1.0566,-0.5243,0.9937,-1.3843,-0.8557,0.1649,0.4729,0.4427,72.27,0
0.9468,-0.3065,0.412,-0.6211,1.1103,-1.6097,0.8167,0.0177,211.56,0
-0.3827,0.1459,-1.0268,-0.4368,-0.3201,-1.2468,0.3874,-0.5056,217.64,0
0.2565,-0.7874,0.2469,-0.4701,-1.1382,0.7419,0.818,0.9489,765.58,0
-0.7985,0.9716,0.7288,-1.411,0.2523,-0.7151,-0.7414,1.8695,285.63,0
-0.2386,0.47,-0.33,-1.1885,-0.0581,1.0455,0.0403,0.0684,165.38,0
-0.2151,-1.0002,1.0302,0.7303,-1.0412,-1.2941,-0.9519,0.5453,193.71,0
-0.0969,0.5747,-0.3371,-1.7953,-0.2405,-0.2563,-1.5923,-0.073,179.55,0
-0.3583,1.6163,1.0932,0.6623,-0.1816,-0.9936,0.187,1.1107,424.36,0
1.9879,2.2624,1.9095,1.2609,3.0348,0.2933,-0.8026,1.6047,277.8,1
-2.2377,2.0953,-0.1411,-2.7945,-0.7177,-0.8757,-0.6558,-0.3646,561.7,0
-0.7019,-0.173,0.3094,0.8506,0.7492,-1.1093,0.977,-0.0888,128.18,0
-1.4531,1.3508,-1.0996,-0.1994,-0.6195,-0.2977,-0.8846,0.7143,317.62,0
0.2029,1.2828,1.0414,2.3971,-0.0739,-0.2605,-1.3002,0.6966,28.94,0
0.9028,-0.5084,-2.1086,0.3166,0.7674,-0.5592,1.1992,-0.8507,188.42,0
-0.3293,-0.6179,1.3725,1.8408,-0.6934,-0.1137,1.045,-0.0781,452.6,0
0.0453,-0.1155,1.3931,0.7027,-0.0704,0.6061,-2.0467,-0.6153,387.68,0
-0.0887,0.6479,0.1032,-0.784,-0.809,0.7119,-0.6357,-1.5246,717.3,0
0.8936,-0.9788,0.7634,0.5796,0.8133,0.7952,1.5383,-0.0492,76.43,0
2.222,-1.7044,0.1615,0.174,-1.0306,0.0953,0.7696,0.0965,361.99,0
-0.5451,1.5639,-1.4623,1.6595,0.3189,-2.0735,1.5919,0.9722,87.85,0
-0.0521,0.8227,0.9651,-0.2522,-1.8522,-0.7566,-0.0977,-0.7765,150.69,0
0.4369,1.5863,-0.9719,0.1896,0.8559,-0.2967,1.3604,-0.4297,87.92,0
-0.8087,-0.3382,1.0907,1.1814,-0.7354,0.4606,-0.0064,-1.0082,494.37,0
0.8306,-0.1583,-0.7325,-0.401,-1.1971,1.9894,-0.0964,0.6445,149.04,0
0.4521,-0.3184,-1.6839,0.5207,-1.2613,0.3803,0.0789,-1.3604,96.52,0
0.3558,-1.0521,0.4843,-1.5559,0.171,-1.5707,0.6739,-0.3934,315.34,0
-0.2103,-0.1657,-1.3321,-0.2045,-1.2616,-1.8479,-1.0852,1.5087,200.52,0
1.0672,0.9927,-1.6389,-1.3952,2.0313,0.9322,-1.2624,-1.5704,798.46,0
-1.3221,0.7961,-0.2158,2.0388,-0.5262,0.846,1.0822,-0.5213,274.09,0
-0.5055,-0.0017,-0.4426,0.9595,-0.2031,-1.4965,-1.6794,-1.7267,179.04,0
-0.7642,0.0898,0.9192,-0.0504,-0.7019,-1.199,0.2042,-0.5541,306.94,0
1.0223,-2.5371,-0.4003,1.8405,-0.3283,0.0899,0.7629,-1.7165,426.45,0
0.2455,-0.0599,1.2292,-0.5405,-0.2416,1.0588,-0.092,-1.1088,29.09,0
-0.182,1.9948,0.9956,0.6162,0.3907,-0.3654,-1.7541,0.4571,654.91,0
0.5941,-0.7231,-0.8353,-1.5906,-0.3375,-0.1775,0.797,0.2694,23.96,0
0.145,1.1442,0.6216,1.0844,-0.6097,-0.2069,-0.2028,0.5463,101.15,0
-0.851,0.8545,-1.1303,0.1166,1.5484,-1.7848,0.4021,1.2117,19.95,0
1.0231,1.2635,-1.8704,1.7629,-0.7007,0.5946,0.0776,-0.0604,559.35,0
-0.2009,1.1951,0.8434,-0.2905,-1.0463,-0.204,-0.6849,1.7245,46.61,0
-1.9952,-0.5689,2.078,-0.8633,-0.7943,-0.9976,1.2148,-0.2429,255.55,0
0.0355,-0.0607,2.0635,1.2006,0.8335,0.1312,-1.0057,1.1274,893.64,0
-0.5714,1.3198,0.025,-0.1259,-0.6447,-0.4079,-0.6412,0.7653,292.51,0
1.0906,-0.1616,0.6963,0.2032,-1.4021,-0.0907,-1.2356,-0.1081,90.79,0
0.2541,-0.6537,-0.551,-1.1336,-1.5613,-0.1147,0.8163,-1.3803,132.54,0
-0.1284,3.1989,-0.9152,1.1652,-1.5327,-0.2439,-1.3478,0.2573,90.48,0
0.2042,0.6029,-0.6191,0.7101,-0.9063,-0.5726,-0.5289,-1.0721,197.95,0
0.8041,0.511,1.8256,0.6743,0.4243,-0.3062,-1.0375,-0.5699,42.0,0
1.7683,0.1365,0.8936,-0.7623,0.3885,-1.0969,0.0637,-0.6479,415.21,0
-0.321,-0.6166,0.9267,-1.9029,-1.9858,0.0033,0.0961,0.4042,450.6,0
-0.7957,0.232,-0.7788,-0.1973,0.1438,0.5604,0.3176,0.2732,498.24,0
-0.0728,-0.103,-0.1392,-0.8769,0.9061,-0.5044,0.2003,-0.0372,446.52,0
-0.1171,0.6436,2.3523,0.4041,-0.7652,-0.6276,0.0007,-0.6329,272.72,0
0.2909,1.3929,-1.5971,-0.7979,0.0266,-0.7299,-0.396,1.2877,157.85,0
0.3185,-1.1859,0.6663,-0.0229,0.281,-0.1463,-0.251,-0.8682,202.99,0
0.7381,-0.4159,-0.3713,0.7884,0.2028,-1.1212,0.8947,1.2572,547.02,0
-0.8777,-0.3031,-2.2934,-1.1599,0.7824,0.3477,-1.0742,0.5479,403.74,0
0.7434,-0.5664,-1.1161,0.3858,-0.5334,0.1461,-1.3433,-0.2522,338.19,0
0.0393,-0.3437,-0.0674,-0.0596,-0.447,-0.7732,1.0815,-2.1044,103.85,0
-0.9277,1.3195,-0.0733,-0.0636,-1.2816,-0.4576,0.4287,-1.2992,367.72,0
-0.5797,-0.1619,1.6431,-0.9692,0.7209,1.0046,0.3099,-0.1175,64.08,0
0.6097,3.0373,0.3394,0.7572,0.3313,2.5959,1.9384,2.9486,332.06,1
0.3641,-0.5989,0.9919,-0.9975,-0.6255,-0.136,0.2955,-0.3245,344.55,0
-0.1614,0.7708,-1.7901,-1.3491,-0.6817,0.1543,0.8321,1.6313,387.77,0
-0.7035,-0.0064,0.4631,-1.4152,-0.4489,0.2129,0.6436,-0.0259,86.08,0
-0.1381,1.6836,-0.7133,-0.3227,-1.2373,0.7267,-0.5821,-0.47,550.66,0
1.1775,0.0909,-0.7399,1.2361,-0.5852,1.42,1.4036,0.056,280.89,0
1.7002,-0.236,0.3561,1.1858,1.9556,1.557,-1.7355,-0.3156,278.73,0
0.7911,-0.5632,0.8344,1.2359,-0.8414,-0.6944,-0.5457,-1.467,378.06,0
-1.9294,-1.2082,-0.6795,-0.1717,-1.2504,-0.2463,1.7673,0.4008,0.91,0
-0.3118,1.9301,0.2201,1.036,-0.1178,-1.8739,0.6723,-0.6582,303.22,0
-1.3011,0.01,-1.8634,-0.2972,-1.3921,1.6399,2.1651,-1.0582,53.9,0
0.3354,0.3558,0.7502,-0.5948,-0.6358,-0.1248,-1.275,0.4069,25.8,0
-1.8214,0.2921,-1.5437,-1.6253,0.1929,-1.1141,-0.0071,0.1384,63.05,0
0.9301,-0.2171,1.0991,-0.8959,0.9683,-0.2824,-1.448,0.5932,43.66,0
-1.2226,0.1695,0.4799,-0.0137,-1.2539,-0.9988,0.5225,-0.7799,100.18,0
-0.7851,1.9862,-0.2654,0.1136,-0.4018,0.44,1.235,1.6637,43.63,0
0.2479,0.4433,0.4328,-0.9768,-1.646,0.2624,-0.5059,1.8383,92.3,0
-0.2463,-1.5717,0.6836,0.2087,-0.9222,-0.3258,0.1545,-0.5586,77.82,0
-0.9165,-0.1472,1.8735,-0.64,-1.733,-1.4019,0.9319,-1.3547,166.58,0
0.5251,0.3299,-0.3069,0.6607,-0.0155,-0.3692,0.696,-0.144,209.96,0
-0.2869,2.2347,-0.5113,-1.0117,-0.1664,-0.2491,-0.8077,2.602,245.24,0
0.2019,-0.1574,1.4877,0.1362,-0.1048,-0.7777,-1.7467,0.3292,28.1,0
1.296,0.1609,-0.1997,-0.8703,1.7578,-1.0296,-0.7254,0.57,179.46,0
0.0511,1.3702,-0.2488,1.5057,-0.0669,0.3343,-0.3507,0.1595,79.59,0
-0.7788,-0.6777,-0.2886,-0.7067,-1.4731,0.676,0.3464,-1.3394,435.15,0
0.3681,-1.7024,0.4973,-0.8194,1.2797,-0.352,-1.1236,0.0758,406.83,0
-0.0359,-0.335,0.3426,1.6112,0.2499,-0.9377,-1.2634,1.6458,194.82,0
-0.7801,0.0889,0.9583,-0.7761,-0.0156,-0.038,-1.3113,0.1685,277.5,0
0.5728,0.1013,1.0719,-0.0594,0.056,0.5093,-0.6626,-0.7062,553.88,0
0.1801,0.1701,-1.0595,0.3319,1.1971,-0.2279,-0.8676,-0.1776,164.45,0
-0.0595,-0.6279,-0.4863,-1.4705,-0.2671,0.146,1.7154,0.5283,140.69,0
0.2584,0.1913,0.1949,0.147,-0.6524,0.5916,-0.6877,-1.0746,340.52,0
1.6509,3.584,3.9986,0.3467,1.8586,2.8374,2.5609,1.2698,272.15,1
-1.0036,0.86,-0.1599,0.6211,-1.3522,1.5469,0.9014,-0.0811,113.25,0
1.9611,-0.2562,0.4304,-0.2131,-1.6233,-0.2047,0.7534,0.602,184.4,0
-0.8977,0.6891,-0.7561,-0.9879,0.1532,2.3577,0.749,0.1362,344.25,0
-0.0424,0.6569,0.8362,0.1082,0.9558,0.7312,1.113,0.9843,87.73,0
0.329,-0.8703,0.5368,-0.5447,1.7407,0.4291,-0.7002,0.3423,34.62,0
-0.0033,1.049,-0.92,0.5747,-0.1139,-0.943,0.3853,-0.066,104.5,0
-0.0448,-0.4388,0.3239,-1.8148,-0.7305,-0.2799,-0.8561,1.6292,464.55,0
0.3255,2.0286,1.2107,0.3039,0.8558,-0.8692,-0.2605,0.9478,137.82,0
-1.0415,0.8421,1.441,-0.6897,0.4669,1.5796,0.2305,0.7867,302.28,0
0.1655,-0.7431,-0.7071,-0.1951,0.3022,-0.0355,-0.1245,0.0463,314.04,0
1.4881,-0.6978,0.419,-0.1121,0.563,-0.6055,1.0527,1.3783,328.1,0
0.8092,0.5715,-0.0214,-0.5684,2.1073,-1.3021,-1.5446,-0.082,349.76,0
2.4859,0.2408,1.1468,-0.362,0.4994,0.5435,-0.9288,-0.9584,494.57,0
-0.4093,-1.4027,1.5949,-0.0673,1.9076,1.2214,-0.7981,-0.085,258.29,0
0.4793,-0.1551,-0.009,0.4184,1.4111,-0.4198,-1.1716,-0.0904,50.64,0
0.1197,0.6849,-0.4059,-1.8267,-2.2789,-0.9444,0.5173,1.2979,848.19,0
1.2768,0.8532,-0.2407,-1.1799,-0.3469,0.5702,0.1886,0.1091,29.31,0
-0.0084,-0.6616,0.9041,-0.6934,1.4852,-0.3158,0.0205,0.7587,49.02,0
1.2141,-2.7699,-0.8562,-0.07,-1.0153,-3.7001,-0.7256,-0.0036,113.7,0
0.5319,0.7302,0.5512,1.5727,0.9971,2.6798,3.1006,-1.7581,278.99,0
1.478,-0.7008,-0.723,-1.1571,1.3063,1.121,-0.106,-1.3961,273.97,0
0.2625,0.5194,0.2697,-0.1705,-0.8014,-0.6128,0.8483,-0.4236,64.33,0
1.2336,0.26,0.1097,0.2994,0.4943,-0.4132,-0.8441,1.0322,55.51,0
1.6747,0.2273,0.9864,0.4577,-0.3433,0.7195,0.4849,-1.7682,31.06,0
0.4534,0.4579,1.821,0.0915,-1.0113,0.6388,-0.5666,-0.1099,99.03,0
1.3127,-0.1121,-0.4633,-0.4464,-0.341,-1.0795,-0.4721,0.1177,250.43,0
-0.2409,-0.1843,0.1819,-1.0819,-1.354,0.5197,-1.534,-0.2327,662.39,0
0.1984,-1.3594,0.2327,-1.5422,-1.0277,-2.0187,-0.1751,1.6096,2.08,0
2.8602,1.045,2.0424,0.2131,3.1815,2.6475,1.8256,2.0193,14.93,1
-0.3265,0.0553,2.2462,-0.9563,-0.653,0.6781,0.988,0.4148,24.27,0
-0.4282,-0.9647,-1.5691,2.4154,-0.9234,-1.2636,0.2679,-1.6379,95.85,0
0.5514,-1.4084,1.2933,0.5138,1.9131,0.6688,-0.3048,-0.7987,250.43,0
2.1748,-1.0876,0.1132,-0.2864,-0.3244,-0.4543,-0.7717,1.1883,19.56,0
4.3518,3.1841,4.2516,0.9013,-0.2541,1.7316,2.8463,-0.6112,461.81,1
0.4677,-0.7621,-1.6578,-1.5366,-0.4181,-1.3184,-0.3477,1.6649,299.34,0
1.7247,1.4406,-0.0092,3.1084,1.3508,0.5405,-0.9972,-1.53,62.73,0
1.4632,1.1312,-0.2288,-1.5705,-0.2267,0.5265,0.0599,0.6344,79.87,0
0.6583,-0.1061,0.4035,0.5075,0.3475,0.5579,-0.853,-0.914,445.48,0
1.6801,1.0132,2.7654,2.1793,-0.9053,0.7264,1.1751,1.5385,71.39,1
0.7214,-0.4429,-0.6413,-0.0498,-0.7601,-1.0522,-2.1281,-1.5493,252.83,0
0.1308,-0.3408,0.3728,-0.8919,-0.1676,-0.9535,0.1876,-1.6323,426.32,0
-0.7753,-0.5503,-1.4467,-0.0424,-1.05,-0.3291,0.2606,-1.9837,97.9,0
-1.7737,-0.979,-0.7314,0.2189,-0.7931,1.524,0.5032,-0.6896,380.55,0
-0.4783,1.1591,-0.3927,0.6319,0.1796,0.7439,0.1099,-1.6634,634.28,0
1.0217,-0.1128,0.9903,0.1741,1.9169,1.0977,-0.6256,2.3307,9.4,0
-0.2331,1.4072,0.925,0.1843,-1.9543,-0.6923,-0.548,-0.7466,467.99,0
-0.5863,0.0229,-0.7898,-0.4518,1.8394,1.104,-0.6858,-0.4696,121.54,0
1.319,-1.5417,-1.5928,-0.1683,0.1024,-1.06,0.2219,0.2665,299.44,0
-1.7415,2.3323,0.0631,0.2037,-0.0307,-0.8278,-0.3071,0.0912,150.58,0
-0.8526,-0.6643,-0.4537,-0.1068,1.3705,0.9556,0.971,0.1706,224.31,0
-0.8164,0.8296,-0.7019,-0.7784,2.0324,0.3784,0.9343,0.4947,121.13,0
0.2878,1.1154,0.1998,1.4582,0.8679,-0.4883,-0.14,0.4084,193.0,0
0.7407,1.2203,-0.7563,-0.1723,-0.4226,-0.5657,-1.616,0.0242,731.78,0
-0.5878,1.5108,3.2941,2.5896,1.3359,4.3595,1.2279,-0.8025,511.38,1
1.95,-0.7304,1.7373,-0.3651,-1.5662,1.2838,1.4019,-0.9061,357.6,0
-0.3764,-0.8144,-1.9965,0.6934,-0.2831,-1.5219,0.0302,0.5812,361.39,0
-1.5704,-1.0649,-0.2701,-1.4433,-0.4069,-0.3746,1.3097,0.1425,152.75,0
1.0127,0.5065,1.4404,0.2097,-1.3635,-0.1057,0.5157,-0.216,21.37,0
-0.4522,-0.0482,-0.5285,-1.0618,0.0858,1.0675,0.1285,-0.6098,339.77,0
0.1775,0.0225,-1.2794,1.1106,-0.5021,-0.647,1.2812,1.1582,260.88,0
1.404,-1.4226,-0.2002,1.0458,-0.0302,-0.9794,-1.3487,-0.23,145.96,0
0.7948,-0.0453,0.362,0.9613,0.7122,1.2335,2.3284,0.7029,111.26,0
1.0199,-0.0336,0.1253,-2.2322,0.9478,-0.6855,1.124,0.1543,247.5,0
-0.0733,-0.182,1.6604,1.1209,-0.8784,0.3421,2.3027,-0.6247,108.25,0
-1.4377,1.0965,0.9048,0.1372,-0.3705,-1.4639,0.8674,1.1861,73.79,0
-0.144,2.4468,0.7856,1.3059,1.3349,0.0016,-0.4882,-0.1154,220.27,0
0.7301,-0.8309,0.6903,2.9691,-0.57,2.9228,0.4906,-0.7496,577.68,0
0.3691,-0.3538,-0.9087,-1.0843,0.2002,-0.3436,1.5466,-0.1848,277.36,0
-0.1427,-1.4453,0.5992,0.0422,-0.4136,1.2778,-1.4278,1.644,455.2,0
-0.701,0.1257,-0.0507,-1.1395,-0.2885,0.5793,0.5721,-0.23,556.28,0
0.927,-0.807,-0.6072,0.4546,0.4796,-2.4342,2.0154,0.5286,77.33,0
1.0261,-0.6214,-0.6255,1.2131,0.9939,0.2087,0.7612,-0.2886,239.29,0
0.4523,0.6613,-1.7817,1.1345,0.7657,1.1323,0.5835,0.6537,76.34,0
-0.7519,-1.2672,0.5092,0.164,-0.0497,-0.1283,0.3228,0.3429,663.05,0
0.5946,1.7187,-0.317,-0.6532,-1.4981,1.5524,0.4214,0.4531,15.91,0
-0.1024,0.1243,-1.3654,-1.3791,-0.3647,0.0085,0.012,-0.5563,211.36,0
-1.1714,-1.1412,-0.2343,-0.3182,-1.5584,0.6499,0.6794,1.054,266.29,0
-0.1163,-0.9932,0.1266,0.003,0.6359,-0.6362,-0.682,0.4625,13.28,0
0.5452,0.8277,0.0509,0.8866,-1.4647,0.0331,0.713,0.2963,165.21,0
0.1654,-0.5394,-0.0383,0.3381,-0.0094,0.861,0.3187,0.5112,154.34,0
-0.3911,-0.2415,0.8201,0.748,-0.1654,-0.4716,1.5991,0.5893,139.56,0
1.1098,0.2719,-1.4027,-0.5623,0.166,1.1241,1.2978,1.7747,116.3,0
-0.4121,1.1497,-0.044,1.2492,0.5076,-0.1275,0.7877,0.7941,359.53,0
0.8977,-1.2846,0.6194,0.7557,-1.1404,-0.6078,2.1215,-0.0795,51.95,0
0.9645,3.4859,0.4592,2.4586,2.1413,3.4034,3.2149,1.9065,194.48,1
2.3974,1.0871,0.2092,1.4251,-1.1686,-0.2886,1.4443,-1.8671,168.55,0
0.8972,-0.2348,0.8287,1.7059,1.9983,1.1869,0.0257,-0.2167,143.84,0
0.3922,0.893,0.8744,-0.3042,0.9559,-0.3465,0.2436,0.2,292.08,0
0.0742,-0.9454,-0.5135,-1.2253,0.1711,0.4257,0.4024,0.0124,24.54,0
0.925,0.2499,1.0357,1.3363,0.459,-0.5065,1.0403,0.4657,96.73,0
-1.3718,-0.2526,0.1027,-0.503,0.2798,2.5645,-0.1216,-0.4354,246.5,0
1.2039,1.8765,1.4498,-2.1516,-0.437,0.0042,0.4631,-1.7273,182.81,0
0.184,2.5385,1.1746,-0.2884,-0.5234,-2.8604,1.0687,0.7866,385.87,0
-1.1801,0.2178,0.7707,-0.5191,-0.6976,1.3938,0.6859,1.058,124.93,0
1.2048,0.6821,-0.1867,1.7666,-0.1572,0.9875,0.22,1.933,210.3,0
-0.2099,-0.5546,0.375,1.2861,-1.5392,-1.3478,1.4866,0.7331,212.53,0
0.0633,-0.8083,-0.3887,1.1523,0.5316,1.13,0.3304,0.3961,90.18,0
2.8007,0.2037,0.5802,-0.4363,-0.0035,0.1925,-1.0491,-0.8057,45.07,0
0.2821,1.2775,-0.1211,-1.772,-0.4139,1.2793,0.2586,-1.4183,346.38,0
-0.6049,0.4712,-0.6385,-1.0946,-0.0324,-0.04,-0.417,-0.8913,33.97,0
0.3668,-0.2283,0.4314,0.4879,-1.0598,-1.0898,-0.2287,-0.7751,210.91,0
-2.5314,0.1586,0.5922,1.2361,-0.6226,0.1612,0.6515,-1.1757,134.59,0
2.0578,0.2346,-0.6384,-0.2216,0.4733,-1.563,-0.5725,1.4349,113.1,0
-0.0208,0.0086,-0.2666,1.3933,0.0024,1.9697,0.2722,0.0218,514.66,0
1.5824,0.0823,-0.3727,-1.3074,-0.3846,0.7075,0.7527,0.2646,75.56,0
-0.6318,1.1498,0.0285,0.2948,-0.2115,-2.6552,-1.1368,-0.1257,45.89,0
1.5787,-0.2719,0.5508,0.8782,-0.1966,1.1484,1.2022,1.3804,139.14,0
0.8315,-0.1092,-0.4721,0.0017,0.3633,0.4838,0.3014,-0.0908,114.37,0
-0.5289,-1.6588,-0.1338,0.3108,-0.8966,1.9397,0.7923,-1.7928,542.79,0
1.5576,0.2742,-1.1487,-0.9572,-0.8526,1.2782,1.6317,0.1959,289.08,0
0.5292,-0.1351,0.0548,1.2746,1.3321,-1.6462,0.6478,0.2256,105.02,0
-1.4102,0.3798,0.8239,1.0509,0.8753,-0.9181,0.2761,0.4969,394.16,0
0.0426,0.1029,-0.2179,-0.4354,0.2087,-0.5057,-0.1455,-0.7905,3.13,0
-0.427,0.7066,-0.3544,-0.3604,-1.5194,0.0912,-1.1119,0.9185,198.83,0
0.6601,0.6854,-1.041,1.3732,-1.2001,-1.1404,0.3879,-0.493,354.11,0
-0.0253,-0.2457,0.5376,0.8747,0.4618,0.4275,-0.0512,-1.593,13.44,0
-0.1297,-0.6711,-0.0207,-1.0393,-1.2807,1.2227,-0.9697,0.0003,207.16,0
0.9548,0.1221,1.0189,-0.1154,0.4224,1.6517,-0.2466,-0.7664,159.34,0
-1.3263,-0.2209,-0.4557,-0.1389,0.8484,0.5542,-0.7487,0.1367,221.69,0
1.0629,-0.6342,1.0301,-1.5837,0.024,-0.1263,0.0877,0.0825,172.38,0
0.4676,0.741,-1.337,1.6778,0.4833,-0.7041,-1.0966,0.9871,207.03,0
-0.7678,0.0342,-2.6074,-1.085,0.0364,0.8457,-1.9413,-0.3812,60.0,0
0.3414,0.4313,0.5712,0.2998,-0.9659,0.8182,0.6607,1.4284,334.21,0
0.7491,-0.3051,1.884,3.1871,2.7195,3.7396,0.9231,2.9061,573.2,1
0.2933,-0.9769,0.4517,-0.4716,0.1274,1.384,-0.1682,0.9198,33.12,0
0.4737,-0.3865,0.2692,-1.0612,-0.8816,0.6354,0.8867,-0.9857,149.66,0
-0.7831,0.2056,-1.2765,1.8466,-1.6474,-1.4404,-0.6347,1.3223,524.83,0
-0.9555,0.6335,1.8758,-0.8876,1.7247,0.3644,0.0169,0.4001,146.04,0
0.0449,0.0135,-0.5775,1.4226,-1.5315,0.3013,-0.1817,0.7818,176.49,0
0.7837,-0.3834,-0.5611,2.1455,-0.7681,-2.2317,-0.7079,-2.0083,232.65,0
-0.7441,0.0721,2.3526,0.8015,1.6111,-0.5381,1.071,0.0267,495.93,0
0.3107,0.0565,-0.1704,0.2927,0.8029,0.5339,-0.423,1.2394,5.43,0
1.7819,-0.1322,-0.8376,-0.452,1.0728,-1.9759,0.2546,2.4622,300.93,0
1.4399,0.3898,-0.3017,-0.6358,-0.3029,0.5438,-0.8072,0.7574,358.36,0
0.0297,-0.4737,0.5457,-0.1945,-0.4175,0.0462,-1.5822,-0.0758,319.26,0
0.2817,-2.1976,-0.5485,1.0937,3.0098,-0.2388,-1.2471,-0.5135,186.96,0
0.5119,2.0745,1.4855,-1.5051,-0.5367,0.4215,-0.0703,-1.3994,43.1,0
-2.4685,-0.2268,0.8542,0.6223,-1.2984,-1.1697,-0.6887,0.1862,55.83,0
0.388,-0.3702,-0.5111,2.047,-0.5565,-1.2917,-1.6387,-0.3532,174.25,0
0.9545,0.9143,0.7948,0.3029,0.724,1.3731,0.425,-1.8372,182.92,0
-0.0725,0.4118,-0.7528,1.1422,-0.1256,-0.3941,-0.5755,-0.2685,263.95,0
0.648,-0.8804,-2.0667,0.2075,0.3704,-0.1101,-1.496,0.3043,212.6,0
-0.2639,0.105,0.5557,0.1881,-0.2569,-0.9151,0.8771,-0.1018,409.29,0
-0.01,-0.4118,0.7893,-0.7942,1.085,1.0828,1.2573,0.3766,154.06,0
0.3596,0.6803,-1.3602,-0.572,-2.1961,-0.1425,-2.1642,1.3327,285.34,0
-1.6249,-0.8559,0.6985,-0.454,0.8608,0.2071,1.5792,1.0427,300.88,0
0.317,-1.5787,1.1056,0.5272,1.6293,-1.1166,1.1335,0.9358,590.92,0
1.739,-0.9428,0.0839,-1.0524,-1.337,-0.2049,-0.5935,-1.1688,560.1,0
-0.0884,-1.2533,-0.1724,-1.4889,0.7478,0.42,-0.2771,-0.1004,260.91,0
-0.3862,-1.0101,0.4786,0.508,0.2404,0.2757,-0.1126,0.0982,392.1,0
0.2382,2.8892,0.1176,0.5818,-0.9362,-1.6747,-0.2878,0.0384,416.24,0
-0.5438,-1.4317,-1.1553,0.4444,-0.0893,0.6916,0.0864,0.9668,203.17,0
0.2184,-0.2292,2.6575,-1.4344,0.5479,-1.049,-0.1574,0.1486,515.97,0
-0.0593,0.1225,-0.0225,-2.1291,-1.9969,-0.3187,0.2786,-0.2349,655.02,0
-0.5391,-0.4204,0.0664,1.4796,-0.3,-0.6905,2.7464,-0.4332,29.33,0
-0.7733,-0.8898,0.5674,-0.623,-0.2686,0.8764,-0.5441,-1.9654,254.24,0
0.1469,-0.9918,0.6549,0.8851,-0.5286,0.7258,-0.1097,1.1471,502.74,0
-0.268,-0.6801,-0.0223,0.1086,-0.6244,0.1885,-0.1735,0.7024,138.59,0
0.0328,-0.8158,1.5345,-1.0776,1.7906,1.3441,1.4894,0.6854,46.53,0
-0.343,1.0331,-0.1861,-2.3531,-0.0988,0.4704,0.7401,-0.8806,67.75,0
0.2295,0.4695,0.9213,-0.6922,-0.6831,1.4509,0.771,-0.3908,258.29,0
0.1012,1.3936,-1.0238,-0.3487,-0.4677,0.6472,-1.4341,1.448,449.43,0
1.8148,0.5905,1.2116,0.9206,-0.1501,-0.1944,-0.2976,0.6811,550.99,0
-0.2755,-1.2624,-0.2907,0.2215,-1.8258,-0.3947,-1.7484,2.0415,280.14,0
1.4782,1.3402,-0.6746,0.0095,-0.8154,-1.3121,-0.5888,1.3262,296.98,0
-0.532,0.2155,1.2623,-0.2385,-0.0223,-1.0259,1.8632,0.1543,588.99,0
1.0205,-0.671,-1.8209,-0.6711,-0.8063,-0.632,-0.9594,-0.4611,192.04,0
-0.8783,1.8335,-0.9643,-1.0286,-1.0056,-0.1314,-1.9844,-1.4331,567.14,0
1.8137,0.2411,-0.2676,0.7183,1.0073,-0.5714,0.2194,0.9266,66.78,0
-1.0516,0.2654,1.8102,0.4124,-0.3748,-0.1888,-0.0313,2.0266,397.22,0
1.9012,0.8068,1.8093,1.4867,3.6104,1.7419,0.0024,2.4482,186.49,1
0.9075,1.1403,0.7213,0.5131,-1.7374,-0.0149,-0.9566,1.2822,323.75,0
0.4444,-0.1075,0.6191,0.0738,-0.1902,0.3381,-0.4412,0.2523,279.45,0
-0.1642,1.2995,-0.0243,1.5992,-0.4562,-2.3649,-0.0799,1.708,74.88,0
-0.1822,-0.3766,-1.0851,-1.3458,-0.7512,-1.2558,1.5957,-1.5021,460.67,0
-0.3815,-0.4818,0.9601,-0.0435,1.7961,0.6622,-0.4102,0.2397,90.6,0
0.2928,-0.7823,0.3415,-1.5211,0.8884,0.3658,0.0557,1.1248,282.03,0
0.7167,0.9564,-0.0188,-0.8162,0.2703,-0.2333,-0.241,-0.5124,160.51,0
-1.6408,1.3513,1.3494,-1.174,-2.5215,-0.0722,1.1224,1.5913,80.07,0
-1.3933,1.5925,0.2988,-0.2255,0.7576,0.4711,0.2757,0.685,6.3,0
-0.1337,0.8278,-1.7049,-1.614,-2.2833,0.786,0.6737,0.8968,16.92,0
1.7181,-0.2397,0.0526,-0.8654,0.7166,1.3667,1.6245,0.2034,129.68,0
1.0683,0.9013,0.8899,-0.155,-0.4373,-0.8698,-0.8072,-0.917,32.18,0
1.8268,1.7214,-0.3519,-0.8693,-2.6778,-0.4062,1.7657,-0.8279,339.92,0
1.3757,1.2952,2.2363,1.0116,0.4372,1.2911,-0.6258,-0.3954,40.8,0
0.5959,-1.5625,0.3068,0.3837,0.0255,-0.57,-0.3626,-0.6397,590.49,0
-1.4148,0.9969,0.0415,-0.0615,-1.9374,0.0738,0.8458,-0.2363,54.2,0
0.7956,1.0644,-0.6587,2.6292,0.1963,-2.1928,0.3813,-0.7199,396.02,0
1.275,0.0586,1.0444,0.7883,-1.264,0.55,1.0057,-0.0202,408.97,0
-1.3166,-0.7343,0.7076,0.842,0.0936,1.479,0.508,-0.2331,169.76,0
-0.2663,0.1881,-0.0236,-1.3136,0.3814,0.7161,-0.5421,1.8679,143.03,0
2.3886,-0.5121,0.7191,2.6096,1.2009,2.5548,0.2945,2.916,98.69,1
0.793,0.6391,-1.7366,-0.7925,1.3893,4.1512,1.1947,1.0369,35.12,0
-0.1115,0.7744,-1.6635,0.0526,-1.0969,-0.2944,-0.5864,-0.638,185.94,0
0.1574,-0.4746,-1.459,-0.278,0.1123,-0.1095,0.5977,-1.4542,106.46,0
-1.5308,0.75,-0.3909,-0.0908,-0.6597,0.9128,0.2992,0.2407,474.93,0
0.6372,0.1174,-1.9772,1.2771,0.411,-1.2033,-0.7878,0.2312,16.38,0
-0.4264,2.2907,-0.1883,0.9082,-0.1784,2.1967,-0.5124,1.1651,1.78,0
-1.2047,0.9836,0.6485,-0.3809,0.5326,-0.1579,-1.101,-1.0904,379.42,0
-1.5437,-0.477,1.3481,-1.5063,-0.3401,-0.5923,2.0053,-0.5379,313.06,0
-1.7044,-1.5714,-1.207,0.1837,1.0762,-1.7867,-0.5491,-1.3669,285.97,0
-0.1262,-0.0413,1.5275,-0.5492,-1.3244,0.2502,1.0762,0.361,413.12,0
0.5616,-0.5587,1.106,-0.6311,0.1636,-1.2931,-1.0333,0.0514,430.03,0
0.1677,-1.8388,0.388,1.087,-0.2183,0.0598,0.5714,0.439,356.68,0
1.3441,-0.8218,-2.049,0.8103,-0.5371,-1.7585,-0.1585,1.2306,369.33,0
0.1443,-0.5772,-0.2431,-0.9662,1.0573,0.683,0.1816,-0.0428,303.02,0
-1.0233,-0.0167,0.3487,-0.3155,-0.564,0.5635,0.4976,-0.3463,349.23,0
-1.603,-1.0469,0.6786,-0.1025,0.5377,-0.0136,-0.2077,-0.68,432.59,0
0.0233,1.1897,0.309,-0.3691,-1.7062,-2.2703,2.0762,0.3085,209.94,0
1.3809,0.1881,0.0573,-1.433,1.7194,1.0363,0.752,-2.2747,258.96,0
1.4054,0.6623,-0.7474,0.1919,0.9741,0.0557,1.5568,2.9179,501.05,0
1.3243,1.4185,-0.7571,-1.432,0.9307,1.3821,1.556,0.485,114.89,0
-0.5492,0.1812,0.5032,-0.0322,0.4129,0.8654,-0.0234,-2.9439,66.86,0
1.4904,-0.8314,0.1452,-0.1932,-0.063,-1.6307,1.4108,-0.7744,122.0,0
-0.6933,0.0398,-0.3001,-1.1282,0.1777,-0.4155,-0.9525,-1.4791,253.1,0
-2.1971,-0.0074,0.5042,-0.0759,0.7036,-0.2702,-0.694,-0.5429,234.16,0
0.4928,-1.7428,-0.0112,0.0795,0.0804,-1.3675,0.4469,1.0598,519.12,0
1.2875,0.5765,-0.6761,-0.7944,0.2999,-0.1533,0.443,0.6017,233.25,0
2.5919,-1.4065,0.2976,0.2859,0.516,-0.0897,-0.0792,0.1384,179.64,0
1.1166,-0.4579,0.7157,-0.9725,-1.1851,1.9764,-0.957,1.1461,252.49,0
0.89,1.3,-0.1104,-0.8627,2.11,-1.5267,-1.4265,0.5651,509.73,0
-0.3514,-0.5523,1.2433,-0.793,-0.4097,-0.2396,0.3557,-0.1935,133.88,0
1.4089,-0.7829,-0.1355,-0.051,1.0922,0.1059,0.1336,-1.6548,459.62,0
0.9539,0.44,-0.6063,1.1793,0.2438,0.2634,0.8839,0.6687,227.37,0
-0.1443,0.7538,-1.7865,-1.7808,0.9183,1.5201,-1.2652,0.1005,116.42,0
0.277,0.624,-1.6817,1.0716,-0.8264,-0.4435,0.3404,-0.0754,178.97,0
0.4044,1.204,0.241,-0.4745,-1.011,0.2945,-0.1174,-0.0843,398.74,0
0.0783,-0.2028,-0.1415,-0.1747,0.0224,0.5401,0.1493,-0.2844,252.38,0
-0.9623,-0.3018,-2.2147,1.1722,-0.1761,0.6701,0.4766,0.5498,745.39,0
-0.8594,-0.743,2.2341,-0.8919,0.37,0.5798,-0.0542,0.6715,368.52,0
-2.5599,-1.128,1.4639,0.8304,1.319,1.3877,0.673,-0.4529,0.78,0
-1.7521,-0.1511,-0.6448,0.5438,1.0598,0.3264,-0.8725,-0.661,206.83,0
0.3129,-1.0489,-1.0163,0.0153,0.932,-1.151,1.1134,-0.0916,246.64,0
0.1479,1.469,1.9577,0.7704,-0.1748,0.7381,1.3518,-2.0072,468.89,0
-0.2778,-1.2151,1.2527,-0.5041,0.3346,0.8414,0.474,-2.1966,516.56,0
0.2937,-0.5781,-1.5731,-0.4274,0.6408,0.3941,0.0309,0.8981,71.41,0
-0.0874,1.1607,0.2421,-0.5991,0.3596,2.1424,0.7401,-0.0592,244.66,0
0.492,1.0598,-0.5764,-0.4302,-1.0741,-0.5215,-0.4926,-0.6828,436.15,0
0.5694,-1.2748,0.3731,-1.3907,0.0164,1.61,0.7746,-1.8507,221.86,0
-0.395,-0.5645,-0.5538,-1.4021,-0.7504,1.4984,-0.2066,0.7044,57.53,0
-0.5733,0.2051,0.37,-0.0773,-0.1236,1.0651,0.3015,0.0414,571.3,0
1.4778,0.4882,-0.8071,0.0945,0.124,1.2147,-0.6004,0.7673,575.85,0
2.1102,0.1495,0.2912,0.3793,0.1982,2.3506,-0.8432,-0.9687,408.05,0
-0.312,-1.6312,0.7502,0.6907,-2.3011,0.5107,1.7565,-1.1276,489.12,0
1.8313,-1.727,0.9181,-0.1005,-0.3311,-1.3698,0.5957,0.6761,92.22,0
0.5597,1.3269,-0.049,-1.008,0.875,1.723,-0.8861,0.0393,334.59,0
-1.0915,0.7446,-1.4051,-0.9287,0.5343,-0.6294,-0.9284,0.9067,181.96,0
-0.9389,0.3711,2.5513,0.1272,-0.4598,-0.2322,-1.469,1.449,490.45,0
0.6554,0.6036,0.242,-0.3915,-0.1904,-0.3256,-1.7469,0.0613,214.19,0
-0.0176,-0.582,-0.2846,-1.4863,-1.4904,-1.7227,1.0843,-1.5614,31.78,0
-1.9431,-0.8301,0.2301,-0.0335,0.5148,-0.1754,1.3974,0.7721,170.01,0
-0.4804,2.0335,0.4298,1.1285,-1.4562,-1.4648,0.4601,1.8549,160.64,0
-1.2082,1.2669,-1.0084,0.7459,0.416,0.9178,-0.5147,-0.7907,86.89,0
-0.2045,1.1053,-1.8314,-0.3628,1.3099,-1.2321,1.2539,-1.1278,290.68,0
0.2571,-1.5184,-0.0941,1.0956,0.5476,-1.234,-1.8984,0.4969,81.13,0
0.4254,-0.5823,0.456,-1.3608,-0.6237,1.4315,1.302,0.4375,123.01,0
-0.734,1.109,1.2334,-0.2931,1.661,0.469,-0.8773,-0.3742,212.99,0
-0.0569,-1.9337,-0.7723,-0.1118,-0.7159,-0.5851,2.5587,-0.2517,446.6,0
0.0356,0.2592,1.3373,-1.1795,-0.3422,0.6666,0.4809,0.4594,126.25,0
-1.0827,0.4227,0.4709,0.2008,0.111,1.6792,-0.6244,1.2814,323.65,0
-1.071,-0.0695,2.1333,-0.6726,0.4953,0.2601,-0.5895,0.1611,244.86,0
-0.8429,-0.2318,1.4041,-0.0744,-1.3222,-0.7931,1.7106,1.5325,172.33,0
0.8001,-0.5899,1.1259,0.8032,0.1895,-0.5849,0.1067,1.6485,291.7,0
0.4795,-1.4103,0.7932,0.2061,0.1522,1.9502,-0.3825,0.3423,493.16,0
1.502,1.8823,-0.3662,-1.6685,-1.3835,-0.4619,2.0141,0.0171,470.43,0
0.6084,1.4429,0.1775,-0.047,0.5951,1.4425,1.0167,0.1382,254.83,0
-0.2413,1.0031,0.3226,-0.1581,-0.1879,-0.1092,0.0304,-0.0564,183.27,0
-1.1749,-0.0768,0.1761,-1.8761,0.1692,-0.0968,-1.2966,-0.333,656.31,0
-0.5099,-0.3189,-0.2308,-1.3166,0.3157,-0.7623,-0.5707,-0.7044,406.47,0
0.618,-1.1515,0.3001,0.1366,-0.0647,0.4384,0.1583,-2.7097,326.98,0
-0.7639,-1.8117,-0.6915,-0.9594,1.6792,2.2647,-0.0508,-1.4048,66.59,0
-1.3271,-0.9436,1.2473,1.2808,-0.074,0.4963,-0.0105,-1.192,490.03,0
0.5614,1.2332,-1.1536,-0.5125,0.0975,-0.1864,0.854,3.4359,125.03,0
1.3265,0.7865,-2.124,2.1272,-1.3259,-1.0784,0.7819,0.4528,12.04,0
0.9364,-0.1782,1.0234,0.4233,0.288,-0.374,0.2324,1.1929,3.64,0
1.263,0.2324,-0.2464,0.6225,-0.2111,-2.0557,0.5635,0.8923,291.01,0
-1.061,-1.2273,0.7958,-0.2824,1.1736,0.1431,3.5564,-0.4723,341.1,0
-0.2854,-0.3522,0.152,0.3124,1.7305,-0.0037,-1.1522,1.1538,307.83,0
0.3218,0.2327,-0.0363,0.4099,2.0349,-0.2426,-0.3645,-0.4411,66.84,0
-0.1807,-0.7,-0.9754,-0.4868,1.7706,0.1434,-0.7917,-1.8286,116.6,0
0.1003,-1.0008,1.1209,-0.4072,1.7246,-2.1242,0.1348,1.4294,52.54,0
0.6706,-0.5327,0.0165,1.4169,0.8075,0.7959,1.9088,-0.7039,299.93,0
1.2513,-0.2076,0.2611,1.1973,-1.7043,-0.4464,2.0179,0.2993,113.69,0
0.0267,-0.5556,-0.5178,-0.5632,-0.4738,-1.2644,-0.2587,-0.3592,552.13,0
0.927,1.8834,0.874,0.6804,0.3695,-0.186,0.5121,-0.5532,416.83,0
0.4168,-1.0054,-1.5335,-1.1221,-0.2344,-0.9909,-0.2281,0.6004,118.6,0
-0.935,1.1244,-1.5451,-0.5552,-0.5717,2.1439,-0.685,-2.155,529.59,0
-0.2002,0.8435,-0.4867,-0.289,0.5702,-0.1988,1.1167,-0.9195,215.82,0
-1.1603,0.0123,-1.1144,-0.9836,-0.5631,0.4771,-0.322,-0.6484,170.97,0
0.6871,-0.0396,-1.8321,-0.3552,-1.1832,0.1122,-0.9168,0.4781,374.46,0
-0.0984,0.4626,1.072,-1.0941,0.66,1.2267,2.3459,0.7066,192.34,0
-0.009,-0.048,-0.693,-1.2279,-1.6667,-0.7628,0.5877,-0.9613,293.83,0
1.2313,-1.0471,1.4338,0.472,-0.9685,0.509,-0.6503,0.0334,127.48,0
0.3203,-0.7228,2.5192,2.3087,-0.1102,0.5199,0.0052,-0.3486,61.89,0
-2.0618,-0.5314,-0.5139,1.1117,-0.7829,0.4528,-1.2922,0.4802,742.12,0
0.6768,-0.98,-0.949,-0.2513,1.4976,0.1633,-0.2754,1.5441,109.3,0
0.129,0.2654,-0.3754,0.9038,1.2888,0.9699,-0.2762,0.7558,132.07,0
-0.8336,-0.6165,0.68,-0.8858,0.0027,1.4376,0.1504,-1.0791,177.59,0
0.8749,0.5331,1.396,0.4947,-0.1976,0.6168,-1.9806,2.1037,489.38,0
-0.4446,-1.5047,-0.1628,1.8511,0.336,0.9034,-0.9099,-0.2033,178.37,0
-0.7956,1.6616,0.8312,3.2038,-1.0366,2.1783,4.5579,1.5623,363.62,1
-2.3821,1.0761,-0.8578,0.9761,-0.9613,-0.0685,-0.8101,-0.2139,538.33,0
-0.1568,-0.6491,0.1922,1.6172,1.1379,-0.2562,0.5386,-1.1014,144.16,0
1.032,-3.0829,-0.195,1.1022,0.9245,-1.2197,-0.2937,-2.5364,362.92,0
0.5569,0.329,0.5399,0.736,-0.7416,0.732,1.4586,-0.2064,377.01,0
0.1529,0.6959,1.3967,-0.0263,2.2804,0.2325,-1.3102,-0.5621,429.0,0
-0.121,0.5097,-0.0871,-1.183,-2.3868,1.5233,0.248,1.1668,6.64,0
-2.2561,-0.635,1.3247,1.6231,1.3626,-0.2363,-1.3066,-0.0406,74.68,0
1.928,1.113,-0.356,-0.2893,0.2067,0.5987,1.0945,-1.3406,478.88,0
1.4181,0.0456,1.0912,-0.6852,1.4067,0.2736,0.4348,0.1316,178.47,0
1.19,0.6173,-1.2974,-0.6306,-0.0292,-1.1961,-2.0041,-0.1592,138.65,0
-0.448,-0.5165,-0.9147,-1.2597,-0.4424,0.116,1.1637,0.2954,90.42,0
-1.193,-0.4411,-0.6228,-0.2851,0.6912,0.4041,0.824,-0.3841,222.27,0
0.5562,-1.8574,1.2868,-0.3491,0.5324,0.6207,1.3708,-0.1049,135.13,0
-0.7487,-0.2715,0.2462,1.0064,-1.4802,-0.0088,0.7115,-0.9241,522.88,0
-0.8979,0.3888,1.6082,-1.68,0.489,0.6768,1.4612,0.726,103.2,0
0.1139,0.3609,-0.3113,-1.0022,-0.7849,-0.5465,-0.7095,1.3277,219.85,0
-0.0393,0.2672,-1.5652,-0.5293,0.3674,0.9072,0.9349,-1.5792,501.73,0
1.1018,3.9125,0.972,-1.148,-0.6161,-0.2996,2.5744,4.6788,112.24,1
1.1814,1.5427,2.0692,1.73,0.3407,-0.2084,-1.8296,0.0109,563.81,0
-0.0043,-1.4121,-0.2732,-0.468,0.1935,0.0855,-0.4116,-0.4507,41.06,0
0.4033,-0.2143,-0.3738,-0.1799,0.7245,0.8407,-1.0062,0.7623,150.94,0
-0.8482,0.6495,-0.0813,-0.6272,-0.3084,2.2059,1.2196,1.4686,588.27,0
0.3905,1.8571,0.5202,0.5411,-0.4215,0.8391,-0.9568,0.109,285.45,0
-0.4937,0.8841,-0.3055,-0.0976,0.3613,0.227,0.6442,0.317,195.03,0
-0.3281,0.2432,-0.2131,1.4577,0.1163,0.0088,-0.4582,-0.516,22.04,0
-1.8572,0.8104,-1.4387,0.035,-0.1158,-1.4178,0.3725,2.1543,78.01,0
-0.8903,-0.1592,-0.403,-0.6838,0.2446,-1.2954,-0.111,0.516,912.62,0
1.1336,0.0077,-2.3367,-1.1058,0.7633,-1.5503,-0.3267,0.3385,146.42,0
-0.4004,0.2981,0.7312,-0.9447,0.3462,-2.6263,-1.9296,0.5645,271.27,0
0.1725,0.0134,-0.2341,1.0276,-1.1014,-1.0411,-1.0242,-0.3603,160.75,0
-1.1786,-0.9989,0.3989,1.4717,0.1524,-0.4117,0.2243,-1.1368,189.64,0
-0.7284,-0.5963,-0.6169,-0.5317,-0.0112,-1.2801,1.0844,-0.1448,267.61,0
-0.2495,-1.5604,1.0161,0.1635,0.389,0.4196,-1.2985,0.3029,92.13,0
0.8803,1.7317,-0.5838,-1.8352,0.4993,-0.3312,-0.1311,0.5562,126.31,0
1.0927,-0.556,-1.2617,-1.4587,0.5834,0.3888,1.0617,-0.274,703.56,0
-0.6233,0.9147,-0.7614,1.4977,-0.8567,0.5034,1.0366,0.4502,130.55,0
0.5756,-1.1027,1.1776,-2.4452,1.6744,-1.6392,-1.1999,0.2991,216.3,0
-0.0357,0.7036,-0.5775,0.1301,-0.1757,-1.461,0.1275,-0.441,686.7,0
-0.187,-0.7686,0.0064,0.1554,0.2347,-0.1239,-0.7022,0.6434,89.41,0
0.1897,0.9041,-1.166,-0.1979,-0.2442,0.418,-0.0087,-0.5459,109.02,0
-0.8191,0.317,-0.8644,0.2596,1.7292,0.1706,-1.4535,-0.8468,20.9,0
-0.3057,-0.8172,1.1594,-2.7698,-0.5036,1.1482,-0.3123,1.0729,38.37,0
-0.7429,0.7414,0.5749,-1.4106,-1.1284,-2.5364,0.5954,-0.2618,426.3,0
-0.2426,0.3638,1.2725,-0.8488,-0.3366,-0.7651,-0.8302,-0.5946,161.4,0
-0.3339,0.5568,1.7956,-1.9563,0.3612,-0.9322,0.5077,0.5878,185.08,0
-0.9798,1.1987,-0.2086,0.2784,-0.8795,-0.0291,-1.3722,0.0999,64.24,0
-0.6699,0.6728,0.0317,-0.2177,1.1941,-1.7381,-0.6753,1.2324,194.24,0
0.0949,1.5689,0.4226,2.606,0.0499,0.9589,-0.726,1.4008,197.43,0
1.2101,0.6324,2.3064,3.4169,4.0404,-1.3884,4.9803,2.3421,274.85,1
0.5712,-0.2918,1.3824,0.5452,-0.2049,1.3713,-1.0155,-0.5655,206.59,0
-0.2487,1.8511,1.0713,-1.0607,-2.0207,-0.7551,-1.2213,1.8257,287.55,0
-0.4335,-0.0396,-0.0304,1.688,-2.8342,-0.9569,0.0055,-1.0856,359.13,0
-1.3506,0.8626,0.509,-1.6712,-2.067,1.038,-0.1801,-1.2852,558.93,0
1.2549,-0.8075,-0.0184,0.5369,0.6942,-1.2726,-0.867,0.6115,250.74,0
-0.0174,1.3506,-0.4297,-1.6045,0.2375,-0.2526,-1.8193,-1.0554,221.47,0
-1.4091,0.4854,1.7313,0.6855,-1.3311,-1.2816,-0.7516,0.1579,180.59,0
0.0027,-1.7499,1.3494,0.0159,-1.0994,-2.4597,1.0291,0.5581,280.41,0
1.496,0.4139,0.0229,1.148,2.2427,0.9151,0.2062,0.4325,353.3,0
0.1522,1.3495,0.3705,-1.0663,0.4583,0.6701,-0.5476,-1.4421,288.3,0
-0.2344,1.2779,1.6107,-0.0988,-0.7121,1.0641,-1.6693,0.2476,35.91,0
-0.0107,-1.3411,0.3869,-1.8783,0.3483,-1.469,-0.3835,0.8949,152.57,0
0.7822,2.6149,-0.7423,1.4325,0.0173,-1.2414,-0.12,0.0025,25.0,0
0.2871,0.5108,-1.1072,0.3926,-1.5153,0.6244,-0.8838,0.0805,172.28,0
-0.8186,-1.6009,-0.0144,0.858,0.7012,1.2114,-2.5365,1.253,140.54,0
-0.4257,0.8546,1.0903,0.0674,-1.1952,-0.2956,-1.4413,0.0752,31.47,0
-1.3681,-0.946,-1.5375,-1.4664,-0.9727,1.2335,-0.3121,0.0314,15.83,0
0.2966,-0.0024,-0.3568,-0.9328,0.0025,-0.5445,-0.1369,1.9574,435.66,0
0.3282,1.1652,-0.2933,1.0344,0.1229,0.5076,0.4036,1.2407,369.04,0
1.5909,0.3253,-0.2975,0.7182,-0.1732,0.5214,-0.2047,0.8612,209.27,0
0.2569,1.9255,1.1003,1.3647,-1.1992,-0.8061,-0.7237,1.3231,572.0,0
-0.6507,0.4689,-0.192,1.5658,-0.4181,0.1786,0.6066,-0.874,357.95,0
0.6638,-0.1241,1.1815,0.6317,-1.1869,1.3892,1.2256,0.4655,104.09,0
0.4826,-0.179,0.2925,0.5885,-1.4205,-0.3409,-0.5187,-0.4701,161.05,0
-1.0399,-0.5966,0.5155,1.1688,-2.1641,0.0873,-0.4871,-1.924,187.63,0
0.1003,0.198,2.2218,0.0638,-0.5673,1.8709,-0.3077,-1.6052,86.47,0
-1.8814,0.9017,-1.6352,-0.8032,-0.0032,0.445,-0.2609,1.5191,159.46,0
2.1778,1.7624,0.5012,1.2758,-0.267,0.7245,-0.4235,-1.3554,119.16,0
0.6026,-0.0119,-0.2734,-1.0731,-0.4401,-1.3213,-0.8452,0.0889,630.19,0
-3.0629,1.2724,1.2303,1.8873,-0.0175,-1.2926,-0.4196,0.0114,231.34,0
-1.1513,1.2033,-0.4409,-0.5607,-0.0486,-0.5954,-0.4026,0.0971,730.8,0
-0.8424,0.3135,0.4181,0.9795,-0.8576,-0.5775,1.5546,-0.1645,187.72,0
1.6618,-1.0824,-0.1564,-0.8528,-1.6961,-0.6612,1.8725,-0.1735,293.78,0
0.5475,1.6268,0.1857,-0.9096,-1.8181,0.687,-0.8691,0.8668,144.21,0
-0.7073,-0.0514,0.6791,1.0482,-0.8212,0.7531,-0.982,-2.1503,69.59,0
2.651,1.1907,1.6262,2.4898,2.6255,1.827,2.2688,2.2701,95.5,1
-0.3579,-0.0029,-0.0146,0.8049,0.2272,0.7043,-0.0098,0.2313,306.03,0
0.1874,0.2618,0.5019,-0.6424,-1.5191,0.9573,0.6887,-0.5354,105.15,0
1.809,0.3175,-1.9761,0.097,-0.571,1.3838,0.9646,-1.5897,225.4,0
1.3485,-1.0341,0.2018,0.2193,-0.2304,-0.1667,-0.3539,1.8727,214.66,0
1.9705,-0.6986,0.8638,-0.4799,0.0552,1.2147,-0.346,-0.6901,29.14,0
0.2023,-0.8113,-0.1749,-1.9787,0.9264,-0.7707,-0.0347,-1.4267,1.71,0
-1.5131,0.3465,1.3801,-0.1832,-0.5289,0.9242,-0.9842,-0.0227,80.7,0
-0.7189,-0.3425,0.1196,1.5942,-0.8582,0.2912,0.7748,0.5685,444.69,0
0.3026,0.2526,1.206,-1.2013,-1.8117,1.017,-0.9435,-0.3795,29.27,0
-0.0397,0.5737,0.8377,-0.0775,-0.5668,1.5842,-1.0723,-0.9413,218.67,0
0.5799,-1.5184,-1.3841,-0.399,-0.2682,-1.722,0.8193,-1.0863,73.03,0
-1.3067,0.1706,0.5493,-2.0661,-0.3213,1.6183,-0.2175,1.4896,438.79,0
-1.0258,-0.6832,-1.1178,0.2178,1.2239,0.161,-0.3078,-0.7896,476.43,0
-2.4925,1.2753,0.4389,-0.0216,0.6943,1.9273,1.4135,0.9622,210.89,0
1.4933,1.8206,-0.2483,0.439,-1.2319,0.6237,-0.4982,-1.0872,256.47,0
0.2739,0.9974,0.5191,1.7609,0.5223,1.9646,0.9011,-1.8058,237.21,0
-0.1251,-1.2134,1.7581,-1.0699,0.6608,0.2001,0.6008,1.7069,76.04,0
0.2545,-0.637,-1.5156,-0.3521,1.2829,1.2081,0.9468,0.2692,323.51,0
0.0255,1.1256,-0.5827,-0.4977,-1.2419,0.4373,-0.4238,-0.8621,221.29,0
1.0919,-1.1321,0.2216,-0.3635,-0.0986,0.8644,0.9731,1.3984,187.25,0
-0.3011,0.0896,0.1777,0.4388,-0.0014,-1.3772,-0.3403,0.6067,50.63,0
0.6027,0.2483,-2.1194,-0.1167,-0.8085,-0.4533,-1.3381,0.4162,88.63,0
4.916,0.0878,3.2077,2.5385,3.8018,2.6178,1.8044,3.126,168.45,1
2.126,0.3299,1.1964,2.261,3.4668,3.4656,4.5241,2.4311,473.47,1
0.9939,0.5245,-3.3771,-0.2594,-1.2729,1.1241,1.0526,0.388,25.7,0
0.4974,-1.3341,0.6145,1.0266,0.321,0.6012,-0.1099,0.8913,423.91,0
-0.4998,-0.0715,-1.0156,1.5732,0.4933,1.7946,-0.1601,-0.5488,108.76,0
-0.7162,0.907,0.0607,0.3673,0.1332,2.192,-0.4305,1.6054,508.72,0
0.6688,0.3487,0.6421,0.6884,1.4955,-0.0341,0.164,0.9321,49.46,0
-1.3373,0.2388,0.2285,0.0533,0.7176,0.8736,1.4697,-1.1903,79.9,0
0.2525,0.9225,-0.5326,-0.7951,1.3607,-1.523,1.2515,1.3205,209.3,0
0.7955,0.2901,0.0795,-2.5927,2.0555,-0.8943,2.0518,-1.4492,109.86,0
-1.0576,1.3706,-1.641,1.6377,-1.9107,-0.5845,0.9719,0.0003,117.95,0
-0.7168,-1.4686,-1.3889,0.5818,0.2591,-0.6926,-1.1588,-0.2706,541.35,0
-0.8874,-2.1951,0.8732,-0.5574,0.9054,0.3891,0.6071,-0.4554,141.36,0
-0.1116,-0.8326,0.0895,-0.9363,-1.1962,-2.2626,0.1673,-2.2988,87.01,0
-0.6919,-0.1824,1.1839,-0.7039,-1.0299,-0.0617,-1.1306,-1.7228,294.32,0
2.702,-0.4657,-0.4157,0.5886,-0.6822,-0.141,-0.415,-2.6217,475.74,0
-1.3225,1.3891,-0.3482,-0.0718,0.2835,-1.3028,0.4073,-0.4196,339.31,0
-0.2892,0.4812,-0.5857,0.1469,-1.4425,1.0871,-0.1044,1.1588,437.61,0
1.1474,-1.3355,-2.1576,0.0323,1.3707,0.0424,-0.3361,-1.8585,95.94,0
-0.0668,2.0832,1.3261,-1.8471,-0.3134,-1.2015,1.7111,0.2443,100.16,0
-0.757,0.2052,-1.4015,0.813,0.1155,0.1898,1.4411,-0.4378,723.53,0
0.6499,-0.7695,0.502,-1.0336,-0.7972,-0.0949,-0.82,1.0527,627.08,0
-0.0006,0.0207,-1.6024,2.2935,-0.2595,0.0656,-0.6262,-0.267,334.26,0
-0.7697,-1.6043,-0.5972,-0.0503,0.5214,0.1495,0.9077,-0.9812,451.98,0
0.9584,3.3258,-1.0382,2.2193,2.2143,0.7356,1.2189,3.3874,377.56,1
0.7155,-0.6266,-0.6846,0.0989,1.0064,2.2875,-1.5075,0.3153,241.79,0
-0.5982,-0.2594,0.0126,-0.7741,-0.2037,0.8881,-0.8004,0.0001,108.1,0
-1.1254,0.676,1.4349,1.2888,0.715,-2.3442,-0.6358,-0.5846,569.03,0
0.738,-0.9811,-0.5492,-0.6288,-0.5005,-0.3547,-1.3135,-0.702,336.1,0
1.2154,-0.0544,1.8579,-0.5707,0.2172,-0.4334,2.0745,0.1797,100.92,0
-0.6324,-0.6308,1.2244,0.6355,-1.023,0.1809,-2.3738,-0.5739,572.63,0
-1.4914,-1.5299,0.2553,0.539,1.9584,-0.0831,-1.3578,-0.1219,230.79,0
1.0259,-1.5112,1.0645,-0.1652,-0.0958,-1.7081,-0.1467,0.6136,346.67,0
0.2558,-1.7887,1.7943,1.4608,-0.8006,-1.1224,0.2281,-1.4259,232.36,0
-0.6651,0.9181,0.9047,1.5129,-1.6684,-0.9072,0.8231,-2.6514,282.35,0
2.4156,-0.3131,0.7449,0.3784,0.3561,-0.0235,-1.2,-2.7012,303.8,0
-1.1883,0.5192,0.5953,-1.0656,-0.9273,0.1365,-0.965,0.1787,509.9,0
0.9285,0.9614,0.7499,0.4401,0.4128,0.2776,0.4076,0.4754,548.99,0
-0.694,0.0794,0.5144,-0.2649,0.4446,-0.7961,0.0975,1.1425,15.33,0
-1.2636,1.9349,-1.6107,-0.0867,-1.8893,0.2707,-0.6411,0.8193,226.65,0
1.0129,0.3506,0.1661,1.3806,1.2113,1.158,0.4567,-0.3492,501.3,0
-0.4866,-0.1329,0.9414,0.5185,-1.1254,-1.0681,0.2708,0.3432,80.53,0
-0.6426,-0.3482,1.3395,-1.7011,-1.1942,-1.3657,1.4017,-0.6144,272.67,0
-1.0405,0.9097,0.6039,-2.1196,-1.4046,0.3576,-0.1333,-0.5165,152.59,0
0.2086,0.3763,1.1087,-1.1112,2.4982,-0.5126,-0.351,-1.2119,131.87,0
-0.0581,-2.1784,0.3762,0.0988,-1.1005,-0.1047,-0.2578,1.7643,17.45,0
1.4296,-1.6293,1.9017,-1.5725,-1.1983,-0.6208,1.3077,0.2256,103.87,0
-0.2393,0.1867,-1.661,-0.853,0.4597,-0.3299,0.6144,0.4249,428.73,0
0.4871,0.9493,0.0536,-0.3465,0.4864,0.6004,0.8897,-1.7124,36.95,0
-1.2019,-0.0166,0.5975,-1.2302,-0.9946,-0.6442,-0.2123,0.694,498.33,0
1.0726,-0.5943,1.1905,1.3213,1.0501,-0.1806,2.5471,0.1518,219.09,0
-0.0242,-0.5628,-0.007,0.7122,-0.4113,0.5184,-0.8127,0.7591,14.0,0
1.0489,-1.4433,-0.4274,-1.8437,-1.0296,0.3172,0.3362,-0.3132,151.28,0
1.1511,-1.0713,0.5252,-0.723,0.3955,0.6885,0.0499,2.4073,363.2,0
0.358,0.1463,-0.0726,-0.0686,-0.09,-0.3677,0.1398,-0.6439,463.09,0
0.0742,-0.8578,-0.5464,1.4862,0.1035,-0.5592,-1.1452,-1.8717,41.5,0
-0.45,-0.4056,-0.226,-1.6483,-0.6259,0.5018,-1.3582,-0.3551,418.03,0
0.4511,-0.4831,0.2839,-0.7722,-1.7135,-0.3445,0.7226,0.288,384.57,0
-1.3165,0.4264,0.067,-0.216,-0.6239,-0.0346,-0.5819,2.4345,381.4,0
0.5952,0.9528,0.0925,-0.814,-0.458,0.637,-1.0213,-0.1781,282.32,0
-0.4486,1.5313,-1.1087,0.3161,0.7354,-0.3134,-0.5388,-0.0761,253.99,0
1.1328,0.9231,-1.058,-0.1393,0.2035,-0.5076,2.3578,0.2337,458.76,0
-0.2075,0.2173,0.3411,0.1468,-2.4113,0.0833,-0.1508,0.8641,386.17,0
0.2766,0.1974,0.0199,-1.1598,0.2648,-0.5295,-0.986,1.2667,371.75,0
2.9064,1.2173,0.1316,0.3026,3.6872,1.9973,-0.454,2.8841,14.17,1
-0.987,1.3364,1.4633,0.2637,0.7088,0.7674,1.3958,0.7281,335.08,0
-0.1083,1.4122,1.3148,-0.6865,0.8183,-0.4771,0.6826,0.806,326.49,0
-0.0559,1.2346,-1.3116,2.0338,-0.0328,0.5802,0.1278,-1.726,202.78,0
-0.3236,0.4251,1.6403,1.6865,-1.3632,-0.3497,-1.5661,1.5199,540.48,0
-0.7615,0.0101,-0.6205,-0.5391,-0.0049,1.0142,1.4707,0.1478,479.41,0
0.7187,-0.0629,0.2738,0.0207,0.2026,-0.5865,-0.4942,0.0169,532.88,0
1.2821,0.6057,0.6868,-0.5907,1.6239,-0.2286,-0.8018,-0.5737,169.12,0
0.525,-0.8475,0.9952,-1.1012,-1.2106,-1.2735,0.9757,-0.0574,188.57,0
0.1459,-0.7012,0.4388,1.4521,-1.3136,-1.1281,-0.4832,-0.4368,270.92,0
1.4696,-0.575,-0.6435,-0.0524,0.3509,-0.1542,1.0493,-0.7991,558.13,0
1.6898,1.3422,0.6328,0.3785,-0.088,-1.2611,-0.2162,0.1014,195.17,0
1.7964,2.3543,2.4559,1.2689,0.4892,2.6485,-0.6805,2.8819,62.65,1
0.0786,0.1021,0.6476,-1.3782,-2.5494,0.9212,-1.083,-0.61,234.46,0
-1.3715,0.6718,-0.7245,-0.357,1.8488,1.01,0.5745,0.3808,116.67,0
-0.4415,-0.52,0.9489,-0.2627,-0.6109,-0.9132,-0.5113,0.8751,120.07,0
0.1363,1.1996,1.9555,0.7593,1.3825,0.7668,1.7099,1.8509,409.76,0
0.2653,0.4878,-0.8811,0.6976,-0.5139,0.6951,-1.8396,0.335,276.85,0
-1.0211,-0.604,0.5339,-0.0238,-0.4772,-0.9031,-1.0132,-0.1318,471.44,0
0.8857,0.5149,-0.249,0.7113,0.095,1.3314,0.1512,1.3239,426.11,0
0.0211,0.7748,0.2962,-0.1771,-0.9549,-0.1455,0.8421,-0.5081,405.3,0
-0.097,-1.4484,-0.0584,1.2332,-1.2341,-0.2447,-0.3875,-0.6977,104.1,0
-1.028,-1.3509,-0.1485,0.2323,-1.4493,0.0726,-0.8752,-1.0692,163.7,0
-0.9513,-0.8587,0.0353,-2.0496,1.196,-1.8758,-0.1278,-0.3242,477.42,0
-0.4629,0.8733,0.197,1.5606,0.751,0.524,1.8826,-0.0971,380.21,0
0.4138,-0.1894,0.5658,-1.4878,0.163,-0.4628,2.8623,0.1558,565.91,0
1.4822,-1.1981,0.1185,0.0068,-0.143,-0.3826,-0.3627,0.1746,81.81,0
0.1445,0.3447,-0.0435,-1.997,1.6626,-0.3678,-0.6178,1.358,83.69,0
0.3724,1.8562,2.0368,1.641,2.5152,1.0396,1.7403,0.4957,20.23,1
0.4092,1.857,3.6166,1.9696,0.2643,0.4598,1.3098,-0.0403,162.91,1
-0.5964,1.3639,-0.0017,-0.8559,-0.2296,1.2319,-0.4251,0.9496,276.44,0
-0.0362,-0.7804,1.1071,-0.4823,0.1292,-2.0603,-0.2152,-1.0996,260.59,0
0.5605,0.5322,1.9692,-1.583,1.6096,-0.5595,-0.447,-1.222,240.17,0
2.0748,3.07,-0.2072,1.1823,1.4147,2.0165,1.8466,2.4098,193.87,1
1.4258,-1.1241,0.3488,0.4431,0.074,-0.7846,-0.1496,-0.9501,226.12,0
-0.6849,0.6914,1.8093,-0.3533,-0.6637,-0.6853,0.0855,-0.5258,319.11,0
-0.1966,-0.7522,0.4795,0.1884,0.3929,0.705,-0.1705,-0.1689,24.02,0
0.0721,0.0642,1.8623,-1.2357,-0.3815,-0.9284,-1.0344,1.1274,31.96,0
0.7896,-0.4176,-0.4218,0.2827,-0.1289,0.8375,-0.9334,-1.3974,134.55,0
0.7717,1.3898,0.0235,1.2131,-0.2143,-0.7816,-1.3063,-0.5062,317.93,0
1.8845,1.9907,-0.9401,0.5694,0.871,0.7584,-0.3544,1.2792,158.34,0
1.4445,0.7528,-0.9806,-2.1863,1.0788,0.1114,-0.7452,1.1736,10.94,0
-0.47,-1.3941,0.701,1.1178,-0.3109,-0.3772,-0.9616,-0.1499,437.49,0
-1.9261,0.0311,-0.5147,0.0201,-1.063,0.7563,0.985,1.17,198.56,0
0.7955,1.0218,-2.7726,1.7335,0.6364,2.4615,-0.7823,-1.7635,426.47,0
1.9743,-2.2105,0.4693,0.0064,0.8157,0.7165,-0.165,0.1727,83.27,0
-1.8663,1.3334,-1.5674,-0.1527,0.6185,0.3586,-1.2778,-1.0983,120.3,0
-0.0091,1.3917,0.0287,-0.0455,0.4173,-0.5969,-0.6451,-0.0979,269.72,0
0.9111,-1.0817,0.3702,-0.7917,0.4463,-1.3752,-1.1078,0.3439,66.84,0
-1.2198,1.4387,0.7703,1.7983,2.1668,-1.2869,-1.2843,-2.8632,67.42,0
0.3186,0.4642,-0.4619,-0.5777,1.0256,-1.6758,-1.1429,-0.2473,326.94,0
0.4704,0.7403,0.1104,1.0034,-0.2013,0.1275,0.3746,0.2874,59.38,0
-0.5973,-0.3952,0.2985,1.2446,-2.2204,0.623,-0.1112,0.5257,370.86,0
-0.4381,0.9568,-0.0616,1.7188,-0.5308,1.4071,0.5931,-0.0325,498.2,0
1.2907,1.804,1.1167,3.6601,2.1237,1.3817,1.3451,1.6074,111.95,1
1.115,-0.7241,0.4703,-0.5575,-0.4541,-1.4125,-0.2861,0.545,400.12,0
-0.0938,0.181,-0.5194,0.4703,-2.2714,0.5531,-0.4764,-0.1097,397.98,0
1.3562,-1.3513,-0.7535,-0.1323,-1.0701,-0.0966,0.712,-1.3733,140.79,0
1.0141,0.3432,0.5865,0.1591,0.5244,0.4586,-0.9281,0.3731,284.11,0
-0.5468,0.5776,0.0913,-1.022,1.471,1.0901,1.5861,0.237,813.24,0
-2.1236,0.0571,0.2007,-1.0343,0.1475,-0.361,-1.3428,0.6715,169.02,0
1.2589,-0.1418,1.5125,-0.8939,1.4382,-0.904,2.5488,-0.9518,18.88,0
0.9968,-0.6743,2.4794,0.7631,-1.1275,0.1852,0.7727,-0.3494,225.5,0
-1.5473,1.5218,0.2242,1.3488,-0.1094,-1.8563,2.6374,0.1311,327.57,0
0.2482,1.254,-0.8483,0.1626,0.2871,1.3824,0.3188,-0.6255,123.77,0
0.9654,-0.7805,0.09,0.0606,0.4339,-1.0476,0.6362,-1.8459,123.72,0
-0.7684,0.5369,-0.7998,-1.0968,1.1317,-0.1789,-0.1475,0.6925,832.05,0
-0.6751,0.6362,0.4655,-0.7097,-0.4643,0.6797,1.3769,-1.8117,155.24,0
-3.2633,-0.4428,-0.0459,-0.6611,0.8635,1.202,-1.412,2.0935,85.34,0
1.0818,-1.0462,1.325,0.0232,-0.5062,-0.5368,-1.0014,-1.7409,92.12,0
-1.1298,-0.6484,1.7581,0.0729,-1.0023,-0.3148,-1.5974,-1.0142,320.7,0
1.3471,-0.7185,0.0365,-0.7656,0.2394,0.3295,0.9598,1.3135,283.53,0
-0.5556,0.3511,-0.5685,-0.9145,0.6126,1.3694,-1.1072,0.2437,181.07,0
0.273,0.7846,-1.8367,-0.2706,1.6462,0.5519,-1.8705,0.6583,3.35,0
-1.1009,-0.2701,-1.0255,0.8687,-0.9081,0.2918,-1.3902,-1.1334,80.2,0
0.3286,-0.6336,0.4257,-1.0853,0.6341,1.3789,1.631,0.7085,35.21,0
-2.1455,-0.3273,-0.2192,-2.0492,0.0454,-1.0759,0.6491,-0.2461,667.99,0
-0.9173,1.5217,-0.0717,-1.6787,0.3841,0.141,-0.4489,-1.0204,305.23,0
1.2037,1.2593,0.5319,1.3747,0.0085,0.6903,1.0045,1.019,96.07,0
-1.69,0.7697,0.8658,-0.1933,0.4004,0.7452,-0.8139,-0.7068,493.36,0
-0.2421,-1.091,-0.8736,-1.3692,0.9104,-0.3849,0.9525,0.1359,176.54,0
-0.8712,-0.0709,-1.9267,2.2641,0.1397,0.8668,-0.4615,-1.5431,371.42,0
0.2782,-1.9122,1.163,-0.2039,2.0119,1.4709,-0.5053,0.7219,619.19,0
-0.7189,-0.2648,-0.4184,0.8118,-0.1126,-0.9109,-0.1722,0.5148,73.08,0
-0.8338,-0.8576,-0.6812,0.2571,0.5198,-1.4145,-0.504,0.2433,556.81,0
0.4222,-1.4513,0.8061,0.4836,-0.4002,-0.0633,-1.1902,0.7503,359.89,0
-0.1163,0.366,0.3922,-0.8456,-0.094,0.7419,0.9286,1.2985,458.31,0
1.0988,-0.9422,0.4202,-2.3417,-1.1216,0.4667,-1.3124,0.4269,355.02,0
0.5551,0.4212,-0.5399,0.6159,1.8625,0.4717,0.5664,0.6722,524.77,0
1.7155,0.09,0.5524,1.3345,0.8577,-0.73,0.6001,1.8675,144.31,0
2.17,1.8987,0.2419,1.5984,1.7508,2.1653,2.2136,0.8625,334.17,1
1.2092,0.1347,1.8016,0.8505,0.212,0.2515,0.1372,-1.2512,42.96,0
-1.1536,-0.7701,0.0607,-1.2011,0.304,0.8051,0.5453,0.5052,277.01,0
0.8024,-0.3276,-1.0399,-1.7997,1.0922,0.7031,1.1685,-0.7251,214.97,0
1.0491,-0.71,0.4351,-0.6291,-1.0166,2.0556,-1.0022,-1.2793,108.44,0
-1.7739,0.5971,0.5172,-1.3262,-0.9643,0.604,-0.3027,1.1119,199.63,0
1.1665,-0.0962,-1.5535,1.5032,1.1288,-0.0313,-1.2252,-0.5862,227.56,0
0.2124,-1.6085,-0.4416,-1.2332,-0.4071,-0.7952,1.0118,1.0234,425.11,0
-0.4227,0.5978,-0.3488,1.6303,0.4043,0.2624,0.1271,1.7403,399.45,0
-0.6692,-1.8171,0.2758,2.054,0.4582,0.6867,-0.413,-0.2443,179.1,0
0.1722,0.5329,-0.4645,-0.7844,-0.023,2.5039,-0.2874,0.3614,259.26,0
-1.461,0.4602,-1.0168,-0.5899,2.1619,-0.2533,-0.7402,1.1526,665.07,0
0.5471,1.2764,0.0753,1.3673,-0.7266,-0.0733,-0.4808,0.7927,217.72,0
0.5737,-0.7408,0.1937,0.2744,-1.5541,0.2527,-0.0458,0.13,31.73,0
-0.9421,1.6109,0.6245,2.1204,-0.4504,0.1263,-0.6607,0.1433,322.1,0
-1.1819,-0.2896,0.1804,0.3648,-1.7722,-0.1686,-0.7506,0.5342,162.84,0
-0.7708,-0.5382,0.0188,0.148,-0.1907,-0.4233,-0.3514,2.5077,884.4,0
0.3998,1.5283,3.4205,1.4259,1.9319,2.6635,1.3641,2.2974,41.01,1
-1.3942,-1.0135,-1.4089,-0.0564,-1.5295,-0.6918,-1.1075,1.4797,184.8,0
-1.9876,-0.4577,-0.3451,0.8528,0.2852,1.4475,0.5201,-0.554,63.95,0
-0.0247,-0.115,1.0782,-1.2859,-0.6394,1.2035,0.2933,0.5494,165.28,0
-0.3413,-0.1082,-0.3521,0.5008,0.7201,-0.7735,-0.8098,-0.036,235.3,0
1.3453,0.5422,2.4608,0.8222,0.1272,0.356,1.0576,1.1756,423.29,1
-0.7774,0.4869,0.0062,-0.5229,-0.5569,-1.0698,-0.3957,1.1,273.97,0
-0.5485,0.7164,-1.1295,0.4577,0.3725,-0.2746,0.3977,0.1021,274.84,0
2.1313,-0.2585,1.7751,-0.0984,2.4604,0.3493,2.0119,2.215,503.03,1
0.469,-0.3254,-1.0688,-1.4276,-1.6707,1.7627,-2.2128,1.1937,266.0,0
-1.1478,0.9426,-0.4312,-1.1818,1.528,0.4611,-0.3818,-1.1458,200.22,0
-2.0429,2.4364,-0.3898,1.2904,1.0842,-0.4365,-0.3597,-0.8372,332.59,0
0.6058,-0.2019,1.0324,-0.2926,0.2472,-0.3111,0.4618,-0.3765,217.99,0
1.0929,0.2955,-0.4313,0.0668,0.0814,-0.0917,-1.3191,1.2431,23.41,0
0.0797,-0.0752,-1.4476,-0.8355,-0.8029,0.5748,0.9449,0.7366,106.28,0
-0.4497,-0.1913,-0.4303,-1.4011,-0.6521,-0.3819,0.0738,0.5589,75.85,0
-0.2583,-0.1261,-0.6577,0.0645,0.6281,-0.2363,-0.4532,-0.1658,417.35,0
-0.4225,0.9695,-0.4327,0.355,-0.1254,0.0444,0.093,-0.4457,170.28,0
0.2646,-0.4511,1.5355,0.4621,-0.2494,1.3863,1.5651,0.5126,113.25,0
1.012,1.7968,0.0437,-0.2626,1.3951,1.4719,-0.4434,-1.005,63.21,0
1.7684,-1.3984,0.5182,2.0711,0.0298,-0.264,-1.1678,1.0823,457.88,0
1.3871,-0.312,-0.1369,-0.333,0.3633,-0.9719,-0.7895,-2.1674,509.25,0
0.2232,1.158,1.8394,1.5125,0.9147,-0.1487,-0.6231,0.0179,216.12,0
0.534,-0.7924,1.4751,-1.7046,0.5669,0.3195,-0.2068,-0.9251,137.93,0
-0.7043,0.4559,-0.2644,0.452,-0.2348,-0.7893,-0.2716,1.5416,594.82,0
-1.3984,1.0454,-0.0574,-2.2689,0.1783,-0.4062,-0.5568,-0.7377,79.73,0
-0.2933,-1.4568,0.6445,0.4195,0.8434,-0.2741,-1.6844,0.5338,2.09,0
-0.8363,0.7595,-1.0261,0.0392,0.0529,2.3278,0.6304,-0.5929,378.07,0
1.3025,2.0999,-1.1939,-2.0311,0.5691,1.0704,1.957,0.7379,37.74,0
-0.7668,0.5371,-1.103,-1.0142,0.8964,-0.1661,0.9554,-0.3594,501.26,0
1.0498,-1.3567,-0.1433,-0.4481,-1.3892,-1.4543,-0.806,-0.6409,58.42,0
-1.2785,-0.2461,1.4818,-0.3208,-1.3659,-0.6799,-1.611,-1.2958,22.38,0
-0.6864,-0.9632,-0.7123,-0.5538,0.4047,0.0694,-1.0952,-0.0279,357.05,0
-2.1925,-1.5417,2.052,-1.0925,1.427,-0.9341,-0.1825,0.6252,150.16,0
-1.1719,1.5068,2.0558,1.9961,2.0157,1.1416,1.3792,0.3358,152.52,1
0.0502,-0.0293,-1.0217,0.8389,-0.0313,1.4495,0.9151,-0.626,452.8,0
1.494,-1.1148,-0.4237,1.5451,-1.9673,-0.0537,1.2289,1.214,13.98,0
-0.8424,0.4327,-0.3173,1.1037,-0.1804,-0.9646,-1.6877,-0.1721,379.21,0
-1.6072,-1.4147,1.474,-0.0767,0.1591,-0.5425,-0.4527,-0.7871,115.11,0
-0.8804,1.6957,-1.5334,2.0231,0.2889,0.9862,0.8683,0.617,330.2,0
-0.7408,-1.2466,-1.8,-0.363,-0.0702,1.1805,0.6294,0.5838,200.4,0
0.6854,0.1818,1.5885,1.3958,0.3341,2.7761,-0.2474,1.098,60.09,0
1.0623,-0.3572,3.0453,-0.5645,-0.9033,-1.0263,-0.2109,-1.7195,527.33,0
0.071,0.23,-0.2194,0.3961,0.3087,-1.0541,1.193,-0.2076,18.05,0
-0.7209,-0.6858,0.8852,-0.995,0.8834,0.1014,-1.6483,1.3645,38.96,0
0.8773,2.0332,1.7268,3.6408,1.1307,1.0699,0.8918,4.2659,56.66,1
0.3595,-1.1296,0.3227,-1.3307,-0.0705,-1.1686,-1.1181,1.6457,144.16,0
-0.0901,0.2212,-0.4161,0.3377,0.0213,0.7737,0.6631,0.1672,350.09,0
-0.1721,-0.2182,0.5093,0.6347,0.5167,0.3389,0.0856,-2.1512,321.77,0
-0.2856,-0.2653,0.1172,1.0861,0.9242,0.0115,1.0924,0.3418,380.41,0
-0.384,-1.1349,-0.8063,-0.241,0.6622,1.259,-1.356,-0.5973,140.43,0
-1.0296,1.0784,-0.1145,-0.3261,0.4622,-0.0764,-1.6581,-1.0614,286.21,0
-0.5084,0.3969,-1.6041,0.1315,-1.2032,-0.4256,2.2112,0.9322,837.56,0
0.7874,-0.4235,-0.819,0.5373,-0.8972,-0.329,0.1071,-0.6424,33.5,0
-0.3369,0.0362,-1.0938,-1.3445,-1.499,0.6492,-0.3379,-1.8711,247.4,0
-0.1907,-0.3578,-0.2768,0.0778,0.9208,0.404,1.0771,1.044,178.14,0
-1.2286,-0.0486,-0.1655,-0.7865,0.8738,-0.0595,1.0626,-0.195,225.65,0
1.0956,-0.1571,-0.5475,-1.6391,-0.273,0.5169,0.761,-1.3992,381.48,0
1.3301,1.838,2.5235,2.3999,2.0452,1.0415,5.4649,2.2674,41.51,1
-1.449,-1.0511,0.3399,0.7153,-0.7995,-0.5789,-1.1313,1.6582,129.03,0
0.1272,1.1502,-2.1522,2.0183,-0.4253,0.1411,0.5714,0.7261,339.89,0
-1.1444,1.0368,-0.554,-2.4136,1.7654,-0.8021,-0.2464,1.6409,290.25,0
-1.3209,0.7761,-0.2207,0.6172,0.2872,0.5485,-2.046,-0.8668,4.79,0
-1.5516,-0.2193,1.7924,0.1314,-0.5646,-1.7581,1.3803,-0.0701,85.02,0
-1.1837,-1.6462,1.9927,-0.6424,-0.1374,-0.3978,0.5481,1.7728,739.54,0
-1.3144,-0.366,1.9214,-0.0672,0.2834,1.1269,-1.2322,-0.8397,387.77,0
0.0422,-2.1577,-0.2002,0.9996,-0.7652,0.9209,0.1836,-0.1915,220.62,0
-0.616,1.6642,0.8949,-0.5243,-1.1685,0.2778,-0.4928,-0.4183,97.78,0
0.3702,-1.1686,0.729,-0.0143,-1.8279,0.1095,-1.6851,0.6934,186.86,0
0.7333,0.2747,-0.3287,-0.9863,1.7754,0.6319,0.3406,-0.4128,45.97,0
-1.8769,0.5498,-0.1212,-1.0333,0.2617,-1.3496,-0.4665,-0.7985,430.62,0
0.4005,0.4772,1.1861,0.7615,-0.0608,0.675,-0.2014,0.1468,428.76,0
-0.6818,1.2789,0.7416,-0.1895,-0.2604,0.1809,0.8775,0.3973,86.07,0
-0.419,0.2934,0.003,0.5063,-0.107,-0.5798,0.1913,-0.9172,551.73,0
-0.8867,-0.7568,-2.3864,0.6335,1.1086,1.1902,0.6754,-0.1541,348.03,0
-1.4973,0.5906,0.6294,1.2452,2.1182,-1.6926,-0.3885,-0.7423,537.77,0
0.4851,-0.7111,0.9754,-0.1192,-0.2894,0.0168,1.3952,-1.3713,107.06,0
0.8546,-1.2263,0.5786,-0.678,0.2421,-0.5643,-0.567,1.5231,405.54,0
-1.317,1.1621,-0.4044,2.0199,0.304,1.2672,0.6309,1.3151,110.48,0
-1.8007,-1.2436,0.2168,1.7694,0.2022,0.7021,-0.3376,-0.5106,140.9,0
-2.3552,1.7231,-0.2205,0.4556,1.4578,0.3003,1.4443,-1.2417,773.95,0
0.1184,-0.4201,-0.0448,-1.3011,-0.0138,-1.0827,-0.3954,0.9253,205.76,0
0.2487,-0.397,-0.6118,-1.847,-0.2786,1.1446,0.5988,0.0203,10.83,0
0.6648,-1.3775,-1.1693,-2.4762,-0.1343,-0.7725,-0.9034,0.3347,449.4,0
0.3535,1.3249,0.0805,0.1388,-0.2853,0.263,1.698,-0.5028,133.76,0
-0.9327,0.739,-0.6116,-0.6527,0.7726,0.3873,-2.5034,-0.1578,178.27,0
0.5225,0.0676,1.7691,-1.0046,-0.6611,0.133,0.2438,-1.9012,81.09,0
0.6678,1.3828,-0.6281,-0.0475,1.7287,0.229,0.3737,-0.4073,209.97,0
0.6123,0.9585,-0.2587,-1.2108,0.943,-1.1995,-0.1784,-0.0401,282.31,0
0.1759,1.1889,-1.9532,-0.4426,0.3967,1.0814,0.7697,0.676,182.04,0
1.0345,-0.4604,-2.348,-1.2291,0.6365,-0.1017,-0.4198,-2.4956,116.9,0
-1.346,1.1596,-0.9424,0.0352,0.4912,0.0032,-2.4781,0.3905,445.05,0
-0.692,-0.3411,-2.6771,-0.1165,0.8027,-0.2375,-0.5901,-0.2977,631.59,0
-0.3767,1.6444,-1.9311,-0.452,-1.0715,-0.1954,-0.4344,0.6022,496.78,0
1.1111,-0.9636,2.076,0.1484,0.24,-1.6177,-0.6201,1.0498,373.9,0
-0.781,-2.139,1.408,0.3677,-0.03,-2.1902,-1.8239,-0.0023,476.82,0
-0.8932,0.8849,1.3912,0.3946,0.4225,-1.2647,1.0544,1.7808,676.11,0
-1.5973,1.6042,-1.1125,0.7937,-0.2722,-0.1158,-0.2411,0.2556,388.78,0
-0.4947,-1.4708,0.4845,-0.8065,-0.5358,0.3468,-0.2566,-0.7047,444.81,0
-0.2249,-0.2451,0.0489,0.0713,0.1639,-0.5988,-0.5552,-0.1186,187.56,0
1.7742,-0.7904,0.7428,-0.0597,-0.3277,0.6323,-0.2992,-2.662,21.86,0
-1.8361,1.2728,-0.8802,0.2115,-0.5881,-0.923,1.3139,1.8562,151.85,0
-0.8284,-2.7553,-0.7898,2.3807,0.5954,1.6409,-0.3477,-2.3568,252.98,0
-2.973,0.8947,-0.4591,-0.2742,0.3359,-1.4247,0.0747,0.5345,467.28,0
-0.7329,-0.9898,1.2241,-1.1959,-0.1968,-0.0656,1.036,0.6143,451.8,0
2.1553,-1.0277,-0.1612,0.0887,-0.1086,-0.4582,1.1551,0.4545,332.08,0
-0.2425,1.7074,2.7105,-1.2044,-1.2595,-0.9572,-0.1033,0.8958,74.6,0
-1.1294,-1.5623,0.6355,0.6845,-0.3681,0.2937,0.1881,0.6024,148.07,0
0.4527,0.2919,-0.4722,-0.3018,0.2482,-0.1734,1.1115,0.0935,591.67,0
0.8984,0.7866,-1.0243,0.8323,1.8586,-0.0266,1.4995,-0.9173,698.25,0
1.5897,0.2171,-1.413,1.2104,-0.6939,0.5338,-1.2829,2.2264,63.25,0
-0.8616,-0.4242,0.5249,-1.1136,-0.1095,1.0891,0.2111,1.2474,338.37,0
-1.1391,-1.0685,0.753,-1.2777,-0.1182,2.6811,0.4596,0.7422,290.81,0
0.459,0.8604,-0.3503,2.8231,-1.2188,-0.5278,0.9014,0.7527,415.72,0
-0.5643,-0.8254,-0.1634,-0.9778,1.756,-1.3024,-0.1971,-1.9362,39.57,0
0.1478,-1.2953,0.5143,-0.9777,-0.8325,0.3755,1.7502,2.1978,580.11,0
-0.0898,2.108,0.313,2.5122,1.2102,0.2452,0.546,2.9075,72.47,1
0.5722,0.1005,-1.5667,-1.8183,1.509,-2.6347,0.1957,-0.235,730.76,0
-0.1329,-3.5292,0.0572,0.0178,1.0386,1.3091,-0.1877,0.8162,422.01,0
0.248,0.0783,-0.1636,-0.2961,-0.4263,0.2319,0.4108,0.1984,279.88,0
0.814,2.0025,1.7957,-0.195,-1.0927,0.8376,-0.1269,0.4781,590.31,0
-0.0717,-0.2388,-0.4444,0.2938,0.5545,1.9653,0.758,1.5937,105.17,0
-0.1117,-0.4956,1.48,-0.1213,1.092,1.2268,1.2877,0.6912,698.4,0
0.3589,-1.7511,-1.1223,-2.5109,1.7299,1.5274,0.3928,0.1351,77.94,0
-0.0371,0.4511,-0.0864,0.714,2.1853,-1.3412,-3.1881,-0.4157,553.78,0
1.8297,-0.7452,-1.409,0.8561,-2.1494,1.4918,0.1018,-1.427,482.98,0
0.797,-0.0015,0.3836,-0.1685,-1.7423,-0.2159,-0.3753,-1.039,110.24,0
-0.3011,1.1869,0.5791,1.0424,0.6204,2.4103,-0.5882,0.3981,326.16,0
1.0097,-1.4515,0.2292,0.066,1.7144,-0.2301,-0.1716,0.855,180.52,0
-0.02,1.1154,-0.83,-1.6749,-0.3523,-1.5977,0.0147,-0.7805,583.26,0
1.2421,-0.4926,1.0143,-1.8728,1.2962,-0.025,-0.0037,-2.0374,298.24,0
0.3459,1.5254,-0.5899,0.7834,0.1646,0.9827,-0.215,-0.3504,262.29,0
-2.772,0.938,-0.0086,-2.35,0.4461,1.1508,0.3639,0.5848,143.77,0
0.8407,-0.97,-0.3148,0.7491,-0.571,0.0796,0.4018,0.3909,83.19,0
-0.7871,0.1141,-1.2627,0.5394,-0.9371,0.9182,-0.3385,1.0625,527.28,0
-0.1982,-1.6421,1.1516,2.1542,1.281,1.0855,0.2261,-0.843,209.34,0
0.7538,1.3036,0.1736,1.9798,-1.321,0.6848,-1.0202,1.0585,46.39,0
-1.3027,1.4342,-0.6394,0.1624,0.1718,-0.4271,-0.7621,-0.3698,164.17,0
0.6992,-0.5838,0.6079,-2.3679,-0.3856,1.1671,-0.171,-0.8291,734.25,0
1.2015,0.0529,-2.0763,0.0279,0.6216,-0.1353,-0.1808,-0.9641,306.65,0
-0.5964,-1.3783,1.3054,-0.35,-0.7914,0.3363,0.6497,0.634,3.02,0
0.1306,0.7633,-1.4545,0.4299,-1.0753,-0.0625,3.0298,0.3036,106.66,0
0.9308,-0.6591,-1.9826,-1.0713,-0.5953,1.5417,-0.1183,-1.0068,259.01,0
-1.7061,-0.2308,0.7952,-0.3783,-0.2247,0.1624,-0.126,-1.0305,6.33,0
-0.7842,-0.2353,-0.9046,0.5891,0.2392,-0.4312,0.0371,-0.2207,32.86,0
0.6746,0.9364,0.6062,-0.2072,-1.9395,1.4817,-1.9551,0.5861,116.6,0
0.2726,0.7853,0.5719,1.8981,0.3716,0.7,-0.0363,-0.7744,575.73,0
0.3467,-0.2877,1.0358,-0.7216,-1.7714,-0.6971,-1.5409,0.338,357.29,0
0.3828,2.5703,-1.5084,-0.2414,-0.0079,-0.4626,1.0364,0.4725,2.86,0
0.4992,-0.8156,-1.5694,-2.0228,0.0699,0.298,-1.1818,1.046,380.7,0
-0.9249,0.2578,-0.2257,-0.8269,-0.8394,2.4349,0.0914,-0.4317,122.57,0
1.4821,-0.5446,-0.535,-0.3549,0.3201,-1.1113,-0.2848,0.5253,223.38,0
0.6363,1.5796,-0.6688,-0.5455,-0.2089,0.2912,0.097,0.6043,196.09,0
0.8923,1.2124,1.6396,-1.589,-1.3671,-1.4356,1.2889,0.4172,513.08,0
0.5527,-0.2407,-0.567,-1.0439,-0.5932,0.0197,-0.7863,0.0961,794.23,0
-0.0241,-0.0561,0.2877,-0.9627,-1.4251,-1.3786,1.3309,-0.9827,187.99,0
0.9793,1.4332,0.6537,0.3669,2.5058,-1.3229,-0.4132,-0.3352,135.86,0
-0.4856,-0.0387,-0.1042,-0.6353,0.7357,0.3628,0.1418,0.3583,371.78,0
-1.1331,0.6355,-0.0413,-0.8962,-0.3628,-0.7915,0.2959,2.6844,126.6,0
-1.7741,0.685,0.3235,-0.0576,-0.3904,-0.8948,0.7277,-1.1711,397.39,0
-1.7831,-1.116,-1.2395,-2.0461,-1.0995,-0.9191,-0.4627,1.6929,227.35,0
1.286,-0.2108,-0.1418,0.17,0.8919,-1.4702,0.7361,-0.0205,351.53,0
-0.0005,0.0436,1.799,-1.795,-0.2809,1.2881,-0.2418,-0.1713,255.93,0
0.6577,0.3852,0.0917,0.5,-1.8317,0.2413,1.6402,0.22,155.65,0
0.183,-0.9041,0.8987,-0.0892,0.4411,-1.1964,-0.1783,1.0973,352.96,0
1.0153,0.2396,1.4393,0.1647,-0.2484,-1.7837,-1.6197,-1.8357,295.72,0
1.188,0.0698,-0.0323,0.2973,-0.8009,0.1379,-1.1931,1.3489,84.76,0
-1.8619,-1.2273,0.4059,0.7011,0.4092,1.1459,0.3913,-0.7752,137.65,0
0.9477,0.7221,0.8487,-0.2316,-0.2046,-0.6481,0.1677,-0.5279,357.74,0
0.6577,-0.0657,-0.5955,-1.086,-0.3918,0.2046,-1.9594,-0.7801,104.83,0
-0.6626,-0.8164,-1.1587,0.8218,1.2011,-0.2546,-0.0176,-1.1263,446.36,0
1.4657,-1.2615,0.2727,0.7939,0.1703,-1.6142,1.3504,-0.2114,289.53,0
1.5275,1.146,-1.2519,-0.2641,-0.9306,-0.2675,1.6044,-1.4226,120.68,0
0.1687,1.1342,-0.672,-0.2681,-1.3034,-0.3884,2.574,0.7779,579.37,0
0.4161,0.6698,0.3989,0.0726,0.2889,-1.1761,-0.0308,-0.7965,268.3,0
-0.0491,-1.7265,0.7124,1.0257,-2.4259,-0.8246,-0.1105,0.7345,18.06,0
-1.1896,-0.0586,0.2643,-1.2805,0.4022,1.2089,0.1387,-0.7971,84.68,0
-1.081,-0.9308,1.7447,-0.0701,-0.6603,-1.0452,-0.1415,1.5079,227.43,0
0.1768,0.7057,0.4417,1.5155,1.3076,0.2652,2.2771,0.9368,474.72,0
0.6774,1.9809,-1.6176,-0.9504,0.7516,-0.0456,0.8344,-0.1017,174.91,0
0.7637,1.7078,1.0646,0.3317,-0.6415,-0.2869,1.057,-2.2815,1111.65,0
-0.0112,0.5135,-0.6101,1.7632,-0.4727,-1.389,-0.525,0.653,78.83,0
0.6997,0.6144,0.6789,-0.6557,-0.2002,0.0702,-0.3357,-1.5663,228.21,0
0.1608,-1.14,0.3507,0.206,2.761,0.13,1.3482,-1.4987,120.81,0
-0.3092,-0.3904,0.5616,0.8204,0.9968,-0.2615,0.1752,0.584,133.85,0
-0.9859,-0.7221,-0.2545,-2.3546,-0.2074,-0.5446,0.7838,0.3524,117.72,0
-0.3649,0.7981,-0.034,-0.0083,0.0588,-2.3123,-1.5153,-0.3853,440.26,0
1.0361,-0.6056,0.0266,-1.2825,-0.2049,-0.6262,-0.4029,-0.7499,136.18,0
0.0911,-0.41,1.7562,-1.1625,-0.5636,-0.9049,-0.5638,1.0314,410.68,0
-0.6744,1.5913,0.8135,-0.6256,-0.7223,-0.2278,-0.3319,1.2562,216.6,0
-0.3541,0.8594,-1.3322,-0.8237,0.4557,1.2258,-2.202,1.3745,553.59,0
2.0258,0.5658,-1.3329,0.7072,-0.7589,-0.0049,-0.5889,2.0228,495.14,0
0.2766,0.3037,-0.1174,-0.7878,-0.9685,1.7285,0.114,1.1253,482.17,0
1.1997,0.7396,-1.6922,0.4587,-0.1791,0.0371,0.2489,1.1987,364.12,0
1.0611,0.475,-2.1432,1.4422,-0.8377,0.3136,0.181,0.0473,474.58,0
0.1637,-1.0037,-1.739,-0.8726,-0.0477,-2.1055,-0.5443,-0.2476,111.83,0
0.6858,4.3046,-0.1119,0.735,2.4635,1.189,2.0022,3.6584,242.33,1
-1.0373,1.1467,0.0646,2.494,-0.3651,1.9729,-0.1568,1.336,387.23,0
-0.0584,-0.348,0.488,0.0598,-0.6286,0.0086,0.4612,-1.0064,286.4,0
-0.1674,-0.0907,0.0238,1.1445,-0.7552,-1.707,0.323,-2.0437,413.87,0
2.3434,0.021,1.0508,-0.58,0.5743,0.1001,0.8568,-0.1986,31.43,0
0.7303,0.7627,-2.1828,0.3949,-0.1608,-0.4998,-0.1954,-1.5558,62.6,0
0.4135,-0.1377,-1.9275,-1.4556,-1.1473,-0.883,0.4144,0.2189,329.77,0
0.1933,1.3385,0.8085,1.0754,0.0633,1.4951,-1.7412,2.0222,189.15,0
-0.6676,-0.4682,0.3057,-1.5414,0.2211,-0.7557,0.8555,0.5467,404.56,0
-1.2893,2.4823,0.063,1.2287,-0.5503,0.9639,-2.445,-0.4104,230.18,0
-0.3576,-0.545,0.8089,-0.1543,1.0507,-1.1524,-0.0494,-0.5759,151.3,0
1.6552,-0.1263,-0.0859,0.8153,-0.1711,0.5393,-1.279,-1.2711,498.63,0
-2.4398,-1.0265,0.2609,0.4861,0.4944,0.6096,-0.6264,-0.8406,270.04,0
-0.4224,-0.9709,0.6859,-0.6862,-0.5679,-0.5382,-0.9849,-1.7511,336.04,0
-2.9435,0.3026,0.6896,-0.7151,-0.7084,-0.0198,1.2026,0.1,233.75,0
1.3503,0.9394,-0.3245,-0.0784,1.3922,-1.9715,0.4454,1.0934,563.36,0
1.985,-0.7354,-0.1194,0.6392,0.8921,1.2776,0.4285,1.0509,283.34,0
-0.3445,1.4486,-0.0386,0.1786,-2.1301,0.4381,0.0934,-0.6649,409.35,0
-0.393,0.9028,-0.2484,0.4614,2.3901,0.9519,0.4768,-0.7747,90.49,0
-0.7587,-0.241,-0.4909,-0.7588,-1.2996,1.9611,-0.5006,0.33,774.63,0
0.3293,-1.4198,0.6607,-0.8304,0.6087,0.9349,-0.3955,-0.9638,719.57,0
-1.8623,0.1568,-0.5492,-0.8167,0.1548,-0.4711,0.8693,-1.936,249.11,0
-1.0241,-0.282,-0.2619,0.4956,0.3684,0.7222,0.2668,0.6613,472.58,0
0.3853,-0.01,1.9143,-0.2532,1.168,-1.2671,-1.028,0.7217,29.43,0
0.7456,1.088,1.7164,0.2489,1.5703,0.7924,0.144,0.3503,260.54,0
1.8215,2.672,2.8987,2.2138,0.3953,-0.6313,1.5557,3.0627,358.74,1
-0.755,0.5201,-0.1024,-0.191,-1.1808,-0.0108,1.0037,0.02,155.79,0
0.8834,0.2466,3.3275,-0.3014,1.5373,1.6346,0.5336,0.0371,513.07,0
-0.3121,0.7315,-1.3234,0.005,0.2363,1.1558,-1.5853,0.0308,434.36,0
-1.0602,0.0463,-0.3383,1.7184,0.1715,1.9455,0.5607,1.4254,190.57,0
-0.0692,-1.0398,-0.3739,0.7372,0.5048,-0.4772,-2.6114,-0.6748,173.79,0
0.2258,-0.5224,-1.1046,0.6285,-0.3224,0.5453,0.3802,-0.4474,416.79,0
-0.364,1.498,2.6792,-0.5679,0.294,1.038,-0.2657,-0.9944,202.37,0
-1.1087,0.397,0.2376,-0.0104,-0.5302,0.9397,-0.5013,0.3078,1.34,0
-1.2202,0.8009,-0.7727,-1.9205,0.5198,-0.9166,0.3212,-0.8127,334.35,0
-0.24,-0.3738,-0.5416,1.777,-1.6391,0.3594,-0.2393,-1.4234,407.67,0
0.9787,0.2731,0.7694,-1.155,-0.0809,1.2948,-0.6771,-0.9983,229.93,0
-0.2011,-0.1362,-1.2123,0.7598,-0.8758,-0.4864,0.001,0.1212,946.7,0
1.2711,-2.3458,-0.2905,-0.3058,1.1527,1.5714,-1.4502,1.4112,91.23,0
-0.4117,-1.8614,0.6919,1.7498,1.1296,-1.9879,-1.5149,-0.846,210.61,0
-1.0785,0.3883,0.5511,0.6889,-0.7195,0.9156,-1.3172,-0.4308,217.65,0
-1.7214,-0.5365,-0.6337,-0.2241,-2.2722,-0.0917,1.0277,1.6228,315.23,0
-0.5588,0.7649,0.8281,1.7839,-0.6036,0.6664,-1.9091,0.829,170.06,0
-0.2825,-0.4912,0.3437,-1.2145,0.1307,0.6516,1.4197,0.3104,96.84,0
-0.539,-0.9179,-0.0073,-0.4416,1.5511,-0.3242,-0.0532,2.4754,368.3,0
0.0236,-0.049,-0.0873,-0.7803,-0.793,0.544,-0.7129,0.8139,20.17,0
-0.5019,0.0697,1.1037,-0.804,1.0897,0.1017,2.3262,0.3188,357.06,0
-1.3277,2.0098,1.0657,-0.5095,-1.0296,0.5048,-0.2783,0.33,149.01,0
-1.0239,-0.6588,-1.2531,-0.8273,0.1384,0.7065,-0.0186,-0.3247,240.56,0
0.5913,0.172,0.5289,-0.6921,-0.2441,-0.0201,-1.5842,-1.1613,465.34,0
0.5751,-0.9336,-0.5313,-1.2444,-0.6023,-0.565,-0.313,-1.1865,51.79,0
1.3603,-0.1425,1.8907,-0.0953,-0.036,0.6409,-2.6726,0.2049,315.56,0
-0.0397,-1.1538,0.6434,-1.8814,-0.7393,0.2677,0.3724,-0.0474,40.1,0
-0.961,0.1927,-1.1161,-0.4119,-1.7368,-0.4045,-0.5727,0.9436,127.67,0
-0.1045,-0.3464,-0.0115,1.6352,0.1998,0.5044,-0.6248,0.2233,517.72,0
0.5204,-0.5882,1.0592,-0.8497,1.3399,-0.5875,-0.478,-1.0885,88.0,0
-0.258,1.0976,0.6461,0.0295,0.5003,0.4822,2.1036,0.2534,179.71,0
-1.5385,0.5518,-0.1072,-0.2229,0.5596,0.1367,-0.0468,-1.4056,426.23,0
0.0072,-0.2754,0.6537,1.0749,-0.0873,-0.2407,0.5227,-0.2563,221.79,0
-1.9498,-0.3323,0.0074,0.1687,0.3789,0.2442,-0.2643,0.2862,146.56,0
0.0646,0.4005,-1.7807,-2.2507,-1.5014,1.7458,-1.1482,0.7323,458.43,0
-2.6301,-0.1855,-1.3639,1.6263,1.5861,0.8519,-0.2385,-1.008,52.39,0
-1.1292,0.1173,1.0214,-2.5465,0.1763,-0.3724,-1.642,0.0819,280.87,0
1.0179,-0.9454,1.7807,1.1478,-0.2278,0.4594,2.4239,1.0,599.32,0
-0.2676,-0.0808,-0.7449,1.7246,-1.2836,-0.3997,0.1076,-0.2514,438.72,0
-1.1936,-1.8082,0.6319,-0.6931,-0.4892,-0.2166,0.3826,-1.4853,201.8,0
-0.6126,0.8667,-0.1088,0.2714,-0.2628,0.8566,-0.3473,-0.5729,468.87,0
-0.8238,-0.2984,0.8736,-0.5144,0.2376,-0.0128,-0.5688,-0.5262,14.79,0
0.1908,0.2114,-1.6741,0.8046,0.0161,0.3576,0.7448,-0.767,536.03,0
0.0776,1.1453,-1.6489,-0.0851,0.1375,0.602,-1.7152,-0.2604,310.27,0
0.8353,-0.9971,-1.239,-0.2976,0.7095,0.4448,2.2071,0.4351,650.81,0
-0.645,-0.5457,1.3193,0.4374,-0.5542,-0.926,-0.7581,-0.1639,294.74,0
1.3089,0.1866,-0.6695,-0.1668,-0.527,1.3117,-0.2022,0.1554,675.76,0
-0.5035,-0.6701,-0.4994,1.6632,0.7115,-0.3452,0.9817,-1.5872,210.0,0
0.3784,-0.2923,-1.231,1.9385,-0.7914,-0.9936,-0.2421,1.2529,290.34,0
-0.591,-0.8617,-0.13,0.9245,0.2066,-0.2371,0.3085,1.3644,69.3,0
-1.2296,0.7661,1.5935,1.6592,-0.5533,-0.7332,-0.5543,-0.1758,425.51,0
0.4246,1.6526,-0.0281,1.1687,-1.1601,-0.6377,-2.1358,0.1513,419.61,0
0.0641,-1.6764,-2.321,0.8313,-0.3747,-0.2614,0.8309,1.397,26.82,0
1.6379,-0.8624,1.5797,-0.178,0.3146,-0.7192,1.001,0.8345,661.29,0
-0.105,0.1495,1.2038,0.5851,-0.0543,1.1104,2.5385,0.3174,13.81,0
-0.5824,-0.2796,-0.0113,0.4797,1.4391,0.7327,0.9622,1.4461,258.59,0
-0.9815,0.995,0.4642,-0.3864,0.0183,-0.4425,-0.062,-0.7618,250.28,0
-0.5674,0.1351,-1.1332,-0.7108,1.5479,-1.6027,-0.1832,-1.1663,279.14,0
0.2568,-0.9604,-0.3093,1.8035,-0.4667,-0.286,-0.9425,1.1462,86.85,0
0.4856,-0.0632,-0.8258,-1.8761,0.4327,-0.1737,-0.7137,-0.964,834.1,0
-0.3202,0.6944,-0.7221,-1.0848,-0.0678,-0.8286,0.1857,-1.0328,156.68,0
-1.268,0.0954,0.0015,-1.8138,0.0182,-1.2054,0.0118,1.2695,307.55,0
0.3024,1.929,-0.7615,-0.4936,0.4196,0.6197,0.6803,-0.8464,226.31,0
1.6428,0.3538,0.644,0.7193,-1.153,-0.9633,-1.0839,-1.3321,159.81,0
-1.0611,0.3314,-1.0908,-0.5579,0.2768,-0.2114,-0.006,0.3327,304.29,0
0.4713,2.371,-0.3363,-0.1413,-0.6472,-1.0328,-0.4565,0.6651,402.32,0
0.1499,-1.4646,-1.3121,-1.1975,-0.2255,-0.1825,0.2527,0.6632,141.42,0
2.0987,2.7814,3.6567,1.9203,1.2483,0.963,2.3857,0.6584,500.25,1
0.5118,0.4327,-1.0177,-0.0123,0.825,-0.8764,-0.2058,1.1502,39.4,0
0.5499,0.884,0.4514,0.5549,-0.7316,1.8104,-1.2337,0.3094,158.4,0
-0.1095,-1.1713,-0.9843,1.1476,-0.4092,-1.3638,0.8537,-0.4156,243.41,0
-0.5777,-0.7592,0.2445,1.5494,-1.3095,1.4983,-0.5748,0.3458,365.06,0
-2.0671,-0.3477,0.2436,0.097,-0.4111,-0.0855,-0.7841,0.0108,181.09,0
1.0352,2.213,1.4418,-1.0054,0.8581,0.2565,-1.1521,0.2838,224.97,0
0.3246,1.263,-0.5683,-0.6098,1.0379,0.1662,-0.247,1.8465,462.01,0
-1.3621,-0.4116,-0.687,-0.7195,-0.3263,-0.1022,0.4852,-1.2378,167.85,0
-0.5471,0.2712,-0.7746,0.9532,0.6532,1.0994,-1.1289,-1.6995,125.11,0
1.0088,-0.0877,0.7895,0.6902,-0.7733,-0.9148,0.6554,-0.3032,317.86,0
0.0195,0.4664,-0.2872,1.8633,-0.6697,2.6916,1.2419,0.8321,543.72,0
-0.3274,-1.1333,1.1804,-0.0061,-1.5061,0.0223,-0.9957,-0.4256,57.75,0
-0.6668,0.4505,0.2189,1.0324,-0.9219,-0.9755,0.5239,-0.7987,250.56,0
-1.2213,-1.782,0.8793,2.0688,-0.2577,0.8542,1.4846,0.2083,24.98,0
0.8711,2.6765,1.2181,-0.0887,-0.9117,-0.2611,-0.3318,0.5114,184.0,0
0.5004,1.431,0.1951,0.8414,0.1449,-0.506,-0.1416,-0.2835,239.33,0
-0.1029,1.4765,0.3732,0.3807,2.4051,1.6527,1.6786,-0.7976,203.95,0
-1.3368,-0.0981,-0.5713,0.1358,0.3418,-0.9563,-0.0294,1.3937,411.87,0
0.4183,0.1728,-0.0399,-0.7114,-0.7692,-0.4609,0.4603,0.6623,183.79,0
-0.5957,1.8599,2.6964,1.1498,1.5593,1.7714,2.2146,-0.3019,421.23,0
-0.8873,2.1184,0.3857,-0.4332,-0.8933,-0.2233,-1.9553,-0.4152,606.99,0
-1.0865,1.0188,-0.9385,-0.6746,-0.5893,-0.0762,0.3232,0.4837,407.45,0
0.2726,-0.269,0.4385,0.3417,-0.3827,-1.3293,0.1462,-0.2043,507.8,0
-1.7491,1.2068,-0.192,-0.3882,-0.1112,0.2093,-0.5241,0.5059,95.86,0
0.3557,-0.7233,0.0652,1.9209,-0.3485,0.3844,-1.5655,1.5201,319.91,0
0.222,-0.4876,2.0224,-0.252,0.5696,-0.669,0.9331,0.7335,59.19,0
1.3972,0.629,1.8474,0.5553,0.5193,0.6793,1.4882,1.2376,192.7,0
-1.7687,0.5836,1.2231,-0.2573,0.1334,-0.2202,-0.3839,0.2322,72.6,0
0.1339,0.6702,0.7531,0.1627,-0.2204,1.5304,-0.4779,0.3913,260.4,0
-0.274,-0.0939,0.5516,-0.5637,-0.7722,0.4317,-3.0257,-0.6037,219.75,0
-0.6083,-0.8753,0.2256,0.0932,0.4626,-0.4905,-0.9302,0.1827,204.05,0
-0.6388,-0.8311,1.1361,0.13,-0.2025,0.6987,0.6614,-1.2558,524.51,0
-1.444,0.4771,0.1264,0.4969,-1.2645,1.7908,0.7105,-0.288,115.75,0
-0.5841,0.3495,-0.9477,-0.3312,-0.9409,-1.4133,-2.105,-1.5977,106.93,0
-0.875,-0.3187,0.8216,-2.1026,0.1282,0.9321,0.8909,0.7086,360.84,0
1.2585,0.2598,-0.2336,0.8737,0.9065,-0.5242,0.379,-0.2943,285.8,0
0.4957,0.1362,0.085,0.3607,0.7718,0.8956,1.6108,0.2427,150.86,0
-0.8999,1.096,-2.0753,1.343,0.4997,-0.7475,-0.832,1.896,92.37,0
0.4631,0.1775,-0.5288,0.0669,0.5633,0.4642,-0.0992,0.2174,251.47,0
0.5682,0.1067,-0.7943,-0.222,-1.5259,-0.1846,0.0013,1.8084,56.05,0
0.5777,-0.1905,-0.6859,1.3265,0.207,0.0245,0.6763,0.8801,41.75,0
-1.0079,0.502,-0.9408,0.1771,1.3354,0.3865,-0.3598,0.5414,297.44,0
0.8057,1.3598,-0.4273,-0.3024,1.7099,0.6327,-2.2192,0.4548,744.83,0
1.6564,0.9602,-0.0217,1.183,-0.3225,0.2857,-0.5414,0.9665,7.78,0
0.6087,0.1677,1.2392,-0.0909,0.0332,1.7216,1.6219,-0.0082,158.19,0
-0.9171,-0.6878,2.221,0.7569,1.1125,-0.239,-0.0016,0.6993,208.62,0
0.2256,0.2212,-0.2198,0.3707,-0.8686,0.6816,-0.2062,-0.4837,533.36,0
1.1753,-0.9744,-0.1211,-0.5688,0.4172,0.0941,0.678,1.8438,194.01,0
1.5637,-1.2591,-0.9717,1.8636,0.578,-0.2889,-0.0553,-0.8066,393.76,0
-0.6814,0.1844,-0.174,-0.4895,-0.3641,-0.794,-0.1798,1.1132,245.6,0
-0.7053,0.5725,-0.2192,0.2059,0.0846,-0.7883,-0.2607,0.1449,772.9,0
-0.2748,0.0297,0.6489,-0.5002,-0.398,-0.4864,-0.5057,0.1732,281.95,0
-0.8298,3.1589,3.1969,1.3692,-0.0258,2.5226,1.1677,-0.1697,313.88,1
-0.0631,-1.2488,1.6604,-0.5788,0.6815,1.089,-0.9549,0.076,436.31,0
0.3728,-1.2249,-2.12,0.0388,-0.0994,-0.2678,-0.3804,-0.7484,629.27,0
-1.939,-0.4266,-1.0457,1.2813,0.4097,1.0148,-0.4293,-1.0197,411.66,0
0.5207,0.8685,-1.8188,-1.5011,-0.736,-0.1298,0.3881,0.3247,311.74,0
-0.6464,-0.5907,-0.3286,-0.3021,-0.4908,-0.3445,1.1908,-1.2144,378.09,0
1.4114,-0.1194,0.1346,-0.6462,0.1348,-0.6739,-0.0785,1.8103,56.15,0
0.2793,-0.6538,-0.5835,0.0616,-2.0413,-0.475,-0.4528,0.2398,606.59,0
1.0095,1.1035,-0.4496,0.2124,-1.2085,-0.8955,0.1242,0.0314,31.21,0
0.3979,-0.5767,0.4611,1.9451,0.6563,0.9457,-1.5936,0.3869,54.32,0
1.0412,0.1086,-1.4541,0.8556,-0.4066,-1.403,-2.5073,0.9034,578.93,0
-2.2408,0.0976,-0.5275,-1.8668,-0.3501,-0.381,1.2752,-0.5392,93.42,0
0.1531,1.0482,0.1697,-0.1167,1.3284,0.3305,0.8196,0.7153,3.69,0
-0.3248,-0.1734,2.1115,-1.834,0.5016,-0.2533,-0.6407,-0.2779,55.95,0
0.5414,0.204,0.8428,-1.6272,-0.1313,-1.3838,0.2767,1.6419,217.72,0
1.2409,-0.6164,0.0956,0.983,1.2798,0.2086,0.3843,-1.017,137.06,0
-0.2128,0.3317,0.1845,1.5658,0.4485,1.3278,-0.36,-0.7405,116.98,0
0.62,1.7153,-1.7253,-1.2877,-0.7914,0.7657,-0.2049,-0.7241,199.21,0
0.3066,0.9782,1.2641,0.6626,-0.7134,-0.3441,1.9315,0.3142,47.18,0
-0.3686,-0.6582,-0.4171,-1.2523,-0.465,-0.2331,0.7307,-0.3881,657.68,0
2.5516,-1.0786,-0.0647,0.3467,0.2676,-0.1897,-0.1848,-0.2349,320.41,0
1.1911,0.3141,-0.4437,-0.0559,0.4407,-1.2575,-0.7694,-1.4278,291.96,0
-0.4827,-0.9071,-0.4132,0.8166,-0.0373,0.9897,-1.5084,-0.3051,179.92,0
2.4399,2.4523,1.7376,1.2563,5.2144,0.2356,0.8621,2.7207,12.74,1
0.9474,-1.2191,0.9885,0.4754,-0.6247,0.1821,0.5723,0.0471,98.38,0
-0.5362,-0.0888,0.0522,0.0074,1.7383,0.6624,2.1078,-0.439,365.78,0
1.852,-0.4532,1.2407,0.3814,-0.0169,1.372,0.2901,-0.0964,69.54,0
1.1976,0.9774,-0.085,-0.1654,1.783,-0.2906,0.7484,-0.3814,377.89,0
-0.552,0.1579,-0.5643,0.7831,-0.1874,-0.9925,0.0658,0.1703,322.45,0
